MovieID,Rating
31,3.2
1029,3.7
1061,3.5
1129,3.3
1172,4.3
1263,3.9
1287,3.9
1293,4.0
1339,3.3
1343,3.7
1371,3.1
1405,3.0
1953,4.0
2105,3.5
2150,3.5
2193,3.2
2294,3.3
2455,3.4
2968,3.6
3671,3.9
10,3.5
17,3.9
39,3.6
47,4.0
50,4.4
52,3.6
62,3.7
110,3.9
144,3.3
150,3.9
153,2.8
161,3.8
165,3.4
168,3.1
185,3.1
186,2.9
208,2.8
222,3.9
223,4.0
225,3.2
235,3.9
248,3.2
253,3.4
261,3.7
265,3.9
266,3.5
272,4.0
273,3.1
292,3.3
296,4.3
300,3.8
314,3.9
317,3.0
319,4.0
339,3.4
349,3.8
350,3.3
356,4.1
357,3.7
364,3.8
367,3.1
370,3.1
371,3.2
372,3.1
377,3.6
382,3.1
405,2.3
410,3.2
454,3.5
457,4.0
468,3.3
474,3.9
480,3.7
485,2.9
497,4.0
500,3.5
508,3.7
509,3.8
515,4.0
527,4.3
537,3.0
539,3.4
550,3.3
551,3.6
552,3.1
585,3.1
586,3.1
587,3.3
588,3.7
589,4.0
590,3.7
592,3.4
593,4.1
616,3.5
661,3.6
720,4.0
60,2.8
247,3.7
267,2.7
318,4.5
355,2.2
595,3.8
736,3.2
778,4.1
866,3.9
1197,4.2
1210,4.1
1235,3.8
1271,3.7
1378,3.2
1580,3.7
1721,3.3
1884,3.6
2028,3.9
2318,4.3
2513,3.0
2694,3.3
2702,2.9
2716,3.8
2762,4.0
2841,3.8
2858,4.2
2959,4.2
3243,2.4
3510,3.6
3949,3.9
5349,3.5
5669,3.9
6377,3.8
7153,4.1
7361,4.1
8622,3.6
8636,3.6
27369,3.5
44191,4.0
48783,3.9
50068,4.0
58559,4.2
84236,4.0
34,3.6
112,3.3
141,3.6
173,2.6
260,4.2
289,3.5
329,3.4
380,3.5
431,3.7
434,3.1
435,2.5
440,3.6
442,3.0
464,3.1
541,4.0
594,3.7
596,3.6
610,3.3
858,4.5
903,4.2
910,3.9
913,4.4
919,4.0
1011,3.6
1016,3.1
1022,3.6
1028,3.8
1030,3.2
1031,3.5
1032,3.6
1033,3.5
1036,3.9
1073,3.8
1079,4.0
1089,4.2
1097,3.8
1125,3.4
1127,3.6
1136,4.2
1194,3.7
1196,4.2
1198,4.2
1200,3.9
1206,4.0
1208,4.1
1213,4.2
1214,4.0
1219,4.3
1220,3.9
1222,4.0
1225,4.2
1230,4.1
1240,4.0
1243,4.0
1257,3.8
1258,4.0
1259,4.1
1265,3.8
1270,4.0
1278,4.1
1282,3.8
1285,3.8
1288,4.1
1291,4.0
1298,3.6
1307,3.9
1332,3.5
1334,3.1
1344,3.6
1356,3.9
1372,3.3
1374,3.8
1376,3.5
1377,3.1
1380,3.5
1387,3.8
1388,2.8
1396,3.6
1544,2.9
1663,3.7
1674,4.0
1805,3.2
1858,3.4
1917,3.0
1918,3.1
1954,3.8
1961,4.0
1967,3.6
1968,4.0
1994,3.7
2000,3.6
2002,3.0
2003,3.2
2005,3.7
2014,3.2
2018,3.5
2020,3.9
2021,3.1
2033,3.0
2034,3.2
2046,3.8
2054,2.7
2064,4.4
2078,3.7
2080,3.7
2081,3.7
2085,3.4
2086,5.0
2087,3.6
2091,4.0
2094,3.3
2096,3.7
2100,3.2
2102,4.3
2109,3.7
2110,3.4
2114,3.7
2115,3.8
2124,3.3
2140,3.7
2141,3.4
2143,3.4
2144,3.8
2161,3.3
2174,3.4
2194,3.9
2248,3.9
2263,3.4
2268,3.9
2289,4.2
2348,3.5
2371,3.4
2403,3.5
2406,3.6
2409,3.5
2454,3.7
2467,4.2
2551,3.8
2616,2.6
2628,3.2
2640,3.4
2659,4.0
2683,3.3
2699,2.9
2723,3.1
2734,3.3
2770,3.1
2788,4.1
2791,3.8
2795,3.7
2797,3.8
2804,4.0
2822,2.9
2867,3.2
2872,3.8
2877,3.1
2902,2.4
2903,1.8
2916,3.6
2918,4.0
2986,2.8
2987,3.7
2991,3.6
3016,3.7
3034,3.8
3039,3.6
3040,3.4
3060,3.9
3071,4.2
3101,3.7
3104,4.0
3108,3.6
3169,3.3
3208,1.8
3210,3.6
3251,3.8
3255,3.4
3263,3.4
3265,4.1
4006,3.5
3,3.2
104,3.3
231,3.1
277,3.4
344,2.9
597,3.4
788,3.1
1035,3.9
1193,4.3
1221,4.4
1247,4.1
1393,3.7
1485,3.2
1682,3.9
1777,3.2
1784,3.7
1923,3.6
1997,3.7
2023,3.4
2273,3.6
2355,3.6
2424,3.2
2502,3.9
2706,3.3
2997,4.0
3114,3.8
3176,3.5
3408,3.6
3753,3.3
3897,3.9
3948,3.4
4014,3.8
4018,3.1
4022,3.5
4025,2.8
4306,3.8
4308,3.6
4447,3.0
4718,2.9
4963,3.9
4995,4.0
5266,3.2
5299,3.4
5464,3.4
5679,3.4
5816,3.7
5995,4.1
6218,3.4
6373,3.1
6502,3.8
6711,3.8
6942,3.6
8376,3.1
8464,3.5
8644,3.3
30707,3.7
30749,4.0
30793,3.2
33166,4.0
33679,3.1
34162,3.5
35836,3.6
40819,3.9
41566,3.5
41569,3.3
48385,3.3
111,4.2
158,2.9
293,4.1
1204,4.2
1250,4.1
1276,4.3
1358,3.9
1639,3.6
1687,3.0
1747,3.5
1876,3.1
1909,3.2
2001,3.2
2019,4.3
2072,3.1
2528,3.3
2529,3.6
2571,4.2
2657,3.2
2692,4.2
2761,3.8
2890,3.7
3052,3.3
3300,3.3
3751,3.4
4641,3.7
4975,3.0
5952,4.1
7090,3.9
8368,3.8
8784,3.6
8874,3.9
1,3.9
21,3.5
40,3.9
151,3.6
198,3.4
207,3.4
316,3.4
333,3.3
345,3.8
534,4.2
671,4.0
708,3.4
724,3.1
737,2.4
745,4.2
780,3.5
786,3.1
924,3.9
1080,3.9
1148,4.1
1223,4.1
1231,3.9
1242,3.8
1275,3.4
1302,3.6
1353,3.0
1373,2.8
1375,3.3
1394,4.0
1408,3.6
32,3.9
45,3.5
282,3.3
520,3.1
524,3.6
543,3.3
628,3.9
805,3.8
1500,4.0
1552,3.3
1617,4.1
1625,3.9
1704,4.1
1754,3.8
2139,3.2
2302,3.6
2324,4.0
2329,4.0
2353,3.5
2423,3.7
3147,3.9
3578,4.0
3916,3.9
3996,3.9
4011,4.0
4019,3.4
4034,3.9
4226,4.2
4262,3.7
4448,3.2
4886,3.9
4896,3.7
4973,4.1
4993,4.2
5064,3.8
5378,3.1
5445,3.7
5630,3.8
5650,3.6
5989,4.0
6378,3.5
6870,3.6
6874,3.8
6879,3.2
7143,3.6
7438,3.7
8533,3.4
8873,3.7
32587,4.0
33493,3.6
33794,3.9
40583,3.7
42007,2.5
43556,3.5
43871,2.7
44004,2.9
26,4.1
36,3.9
608,4.3
733,3.7
1059,3.5
1177,3.8
1357,3.9
1411,4.2
1541,2.9
1584,3.7
1680,3.7
2125,3.8
2249,3.5
2278,3.6
2291,3.8
2391,3.8
2396,4.0
2427,3.3
2490,3.6
2501,4.1
2539,3.2
2857,3.8
152,3.8
735,4.1
1101,3.3
1423,4.2
1459,3.0
1499,2.0
1611,4.1
1690,3.0
1719,4.2
1887,2.7
2108,3.7
2344,4.3
2410,3.1
2826,2.9
2827,2.4
2840,2.8
2881,3.1
2907,3.0
2926,3.7
2995,2.0
3005,2.9
3019,3.8
70,3.0
126,2.7
169,2.6
785,3.3
923,4.2
1027,3.1
1201,3.9
2042,2.8
2596,3.8
3424,3.7
6598,5.0
26614,4.0
48516,4.2
51084,3.2
58295,3.6
71211,3.1
77455,3.9
79132,4.0
80489,3.8
80906,4.0
81158,3.3
81562,3.6
88129,3.9
91500,3.4
91529,3.7
91548,4.0
96079,3.9
96861,2.4
97938,3.8
104841,3.7
106487,3.3
529,3.9
538,3.9
673,2.7
1077,4.1
1215,3.8
1295,3.1
1732,4.0
2259,2.5
2460,3.4
2668,3.0
3146,2.5
3148,3.2
3179,3.2
3298,3.4
3324,2.1
3474,4.0
3770,3.3
3773,2.5
3780,2.0
3791,3.5
3793,3.6
3794,3.4
3798,3.1
3799,1.8
3801,3.6
3809,3.3
3825,2.9
3827,2.7
3829,2.0
3831,3.5
3841,2.3
3844,3.6
3861,3.0
3863,3.0
3864,2.1
3865,2.8
3869,3.4
3871,4.0
3873,3.8
3879,5.0
3885,3.0
3886,3.2
6184,4.1
362,3.4
531,3.6
914,3.6
2572,3.5
2908,3.9
3396,3.9
3624,3.2
4310,2.9
4321,3.5
4878,4.0
7502,4.4
54286,4.0
64614,3.8
69757,3.8
78499,4.1
81834,3.9
88125,4.2
93363,2.9
2038,3.6
2394,3.5
2720,2.1
2724,2.8
2861,3.1
3157,3.1
3175,3.5
3354,2.3
3623,3.0
3986,2.8
3988,2.8
2,3.4
5,3.3
6,3.9
11,3.7
14,3.5
16,3.9
19,2.6
22,3.4
25,3.7
44,2.7
82,3.8
94,3.6
95,3.2
101,3.9
107,3.5
123,4.0
125,3.7
145,3.3
149,4.3
157,2.4
160,2.3
162,4.1
163,3.5
164,3.6
170,3.3
172,2.6
175,4.0
176,3.8
180,3.3
193,2.3
196,2.8
214,3.0
215,3.7
216,3.0
230,3.7
232,4.2
233,4.3
237,3.2
246,4.0
252,3.1
288,3.3
306,4.2
307,4.1
308,4.2
322,3.6
335,3.0
342,3.4
353,3.6
373,4.1
429,2.6
441,3.7
466,3.2
471,3.9
481,3.3
483,2.8
494,3.5
535,3.9
540,2.7
549,4.1
555,3.9
556,3.9
562,3.7
574,3.3
647,3.6
648,3.5
663,3.4
665,3.4
674,2.7
680,3.9
748,3.3
750,4.2
762,2.5
784,2.6
799,3.2
800,4.1
802,3.3
803,4.2
804,2.9
832,3.6
836,2.6
851,3.0
899,4.2
904,4.3
908,4.3
909,3.8
911,4.1
912,4.2
916,4.0
920,4.0
922,4.3
926,4.4
931,3.8
953,4.2
994,4.2
1020,3.3
1041,3.9
1047,3.2
1060,4.2
1084,3.9
1088,3.4
1092,3.3
1093,3.1
1094,3.9
1095,3.9
1100,2.6
1120,3.6
1131,4.1
1147,4.4
1171,3.6
1173,3.2
1176,3.8
1178,4.4
1179,3.8
1183,3.6
1186,3.6
1189,4.0
1199,4.0
1203,4.3
1207,4.2
1209,4.2
1211,4.2
1212,4.2
1217,4.4
1218,4.2
1228,4.4
1233,4.2
1234,4.0
1244,4.0
1246,3.8
1248,4.2
1249,3.9
1251,3.8
1252,4.3
1254,4.3
1260,4.3
1262,3.9
1264,4.3
1266,3.9
1267,4.1
1272,4.1
1280,4.2
1281,4.0
1283,4.1
1284,4.0
1289,3.9
1290,3.6
1297,3.4
1303,3.9
1304,4.2
1320,3.2
1333,3.8
1342,3.1
1361,4.2
1370,3.3
1385,3.0
1391,3.0
1407,3.4
1449,3.9
1464,3.7
1466,3.9
1476,3.5
1479,3.1
1483,3.3
1484,3.8
1502,1.8
1503,2.7
1513,3.3
1517,3.4
1527,3.7
1529,3.8
1546,2.5
1556,1.7
1562,2.1
1569,3.3
1573,3.5
1589,3.4
1597,3.4
1608,3.3
1610,3.9
1615,3.6
1616,3.5
1635,3.8
1644,2.5
1645,3.5
1649,3.8
1653,3.7
1673,3.9
1676,3.1
1689,3.3
1694,3.8
1717,3.0
1722,3.3
1729,3.7
1735,2.9
1748,3.7
1752,2.9
1753,3.0
1779,2.7
1792,3.4
1807,2.2
1810,3.5
1816,2.5
1827,4.0
1831,2.1
1834,3.9
1836,2.9
1845,4.1
1859,5.0
1860,4.7
1862,2.3
1882,2.2
1883,3.3
1889,3.0
1895,3.1
1897,3.2
1904,3.9
1912,3.8
1914,3.7
1921,3.7
1945,4.4
1950,3.9
1952,4.1
1955,3.8
1956,3.9
1962,3.6
1964,3.9
2006,3.4
2010,4.0
2011,3.5
2012,3.3
2025,2.9
2041,3.3
2058,3.6
2060,3.0
2076,4.0
2126,2.8
2133,3.1
2134,3.1
2145,3.4
2160,3.7
2167,3.3
2186,4.3
2231,3.8
2232,4.1
2243,3.9
2269,2.7
2282,3.3
2288,3.9
2303,4.0
2311,3.3
2313,3.9
2321,3.6
2333,3.6
2334,3.3
2336,3.7
2340,2.9
2351,3.9
2357,4.3
2360,3.4
2366,3.9
2369,3.0
2378,2.6
2387,3.0
2395,4.0
2405,3.3
2407,3.2
2413,3.1
2428,2.6
2439,3.4
2447,2.9
2478,3.3
2505,2.3
2541,3.1
2542,4.1
2560,3.0
2568,1.6
2574,2.3
2575,3.7
2579,3.5
2580,3.9
2581,3.0
2585,3.5
2594,3.9
2598,2.9
2599,4.0
2600,3.1
2605,3.1
2617,3.3
2624,3.7
2648,4.2
2671,3.4
2678,1.7
2686,3.8
2700,3.5
2701,2.0
2707,3.5
2709,2.6
2710,2.7
2712,3.6
2713,2.2
2717,2.8
2718,3.5
2722,2.6
2726,4.1
2729,3.7
2759,3.1
2763,3.4
2769,2.3
2803,3.3
2819,3.8
2871,3.9
2905,3.6
2912,3.8
2915,3.3
2925,4.2
2947,3.7
2949,3.6
2952,3.5
2973,4.2
2976,3.5
2983,4.0
2985,3.6
2990,3.3
2993,3.6
3000,4.1
3004,2.6
3006,3.9
3007,4.2
3008,3.5
3010,4.5
3020,3.6
3030,4.2
3033,3.6
3044,3.9
3077,4.1
3081,3.6
3082,3.1
3083,4.2
3089,4.0
3107,3.4
3113,2.0
3128,3.2
3129,4.0
3134,4.2
3150,4.0
3152,4.0
3160,3.7
3168,3.7
3173,2.9
3174,3.3
3181,3.8
3182,3.3
3185,3.2
3219,3.7
3225,2.6
3246,4.0
3250,2.8
3253,3.4
3256,3.5
3261,3.7
3262,3.3
3266,3.2
3267,3.6
3272,3.3
3273,2.8
3275,3.5
3285,3.0
3286,2.2
3301,3.2
3307,4.0
3316,2.2
3317,3.8
3318,3.0
3320,4.5
3328,3.7
3358,3.8
3361,3.8
3362,4.1
3386,3.8
3390,1.5
3409,3.0
3418,3.5
3421,3.8
3429,4.0
3435,4.2
3448,3.7
3461,3.2
3462,4.4
3471,3.9
3476,3.9
3477,3.6
3481,4.0
3484,2.6
3489,3.1
3499,3.9
3504,4.1
3505,3.9
3512,3.6
3527,3.6
3534,2.9
3535,3.2
3536,3.5
3538,3.7
3543,4.0
3552,3.4
3555,2.9
3556,3.6
3566,3.3
3569,3.4
3571,2.7
3577,3.5
3598,3.8
3617,3.1
3618,3.2
3626,3.8
3633,3.7
3634,3.4
3635,3.8
3638,3.6
3639,3.5
3683,4.3
3707,3.0
3717,2.8
3728,3.6
3730,4.3
3735,4.0
3742,3.8
3745,3.3
3747,3.3
3752,2.8
3755,3.0
3763,3.4
3783,3.9
3785,2.6
3786,3.2
3787,3.8
3788,3.7
3800,2.0
3823,3.1
3826,2.2
3852,3.7
3854,4.0
3868,3.9
3882,2.9
3892,3.0
3893,2.8
3896,3.2
3910,3.8
3911,3.8
3915,4.2
3943,4.0
3952,4.0
3956,2.0
3967,3.7
3968,2.5
3969,3.0
3977,2.7
3979,1.9
3981,2.4
3983,4.2
3984,3.4
3987,3.0
3989,4.1
3990,1.2
3993,3.0
3994,3.3
3998,2.8
3999,2.5
4005,3.4
4007,3.9
4010,3.2
4015,2.7
4017,4.0
4020,3.1
4021,3.8
4023,3.1
4027,3.9
4029,3.5
4030,3.1
4033,3.9
4036,3.1
4037,4.1
4052,2.7
4055,2.9
4056,3.5
4066,3.4
4079,4.0
4082,1.0
4085,3.7
4121,3.5
4144,4.0
4148,3.1
4149,2.4
4158,1.2
4161,3.1
4167,2.4
4168,3.2
4210,3.3
4223,3.7
4225,3.5
4232,2.8
4235,4.2
4238,3.2
4239,3.5
4246,3.5
4247,2.4
4270,2.7
4271,3.3
4299,3.3
4302,5.0
4322,3.7
4343,2.7
4344,2.9
4351,3.4
4361,3.8
4367,2.8
4369,3.3
4370,2.9
4372,3.1
4378,3.6
4380,3.8
4381,3.0
4383,2.8
4386,1.3
4388,2.3
4410,4.0
4446,3.0
4450,4.0
4451,2.5
4489,3.6
4546,3.8
4571,3.5
4621,2.6
4623,3.5
4638,2.5
4639,2.6
4642,4.0
4643,2.9
4654,1.8
4658,3.8
4666,1.2
4675,2.0
4678,3.6
4679,3.3
4700,3.1
4701,3.2
4713,3.2
4719,2.8
4720,3.5
4723,3.9
4727,2.3
4728,2.9
4731,5.0
4734,3.2
4738,4.0
4744,2.1
4776,3.3
4816,3.2
4823,3.2
4844,3.0
4848,3.7
4873,4.1
4881,3.6
4888,3.6
4890,2.8
4901,3.5
4902,3.0
4903,4.1
4914,4.2
4958,3.0
4974,2.9
4979,3.8
4992,2.8
5000,3.5
5008,3.7
5010,3.7
5013,3.4
5015,3.3
5026,2.9
5060,3.7
5066,3.1
5071,5.0
5074,3.5
5075,4.0
5110,3.2
5120,3.3
5128,2.3
5135,3.6
5170,2.8
5171,2.2
5218,3.4
5219,3.0
5220,2.6
5222,3.6
5225,4.0
5254,2.8
5269,3.9
5279,1.8
5283,3.0
5291,4.0
5293,3.2
5296,2.7
5298,3.3
5308,3.1
5313,2.0
5319,4.0
5339,3.3
5346,3.8
5363,1.0
5364,3.4
5377,3.6
5388,3.3
5391,4.0
5400,3.1
5410,1.5
5416,1.5
5418,3.9
5419,2.1
5444,3.9
5449,2.7
5458,1.0
5459,3.1
5463,2.8
5477,3.2
5478,2.5
5481,2.9
5500,4.0
5502,3.2
5504,1.8
5507,2.5
5508,3.3
5515,3.5
5524,3.0
5528,3.2
5541,3.0
5553,2.5
5568,3.2
5577,3.3
5617,3.4
5618,4.1
5620,3.1
5662,4.2
5673,3.5
5791,4.0
5792,2.7
5809,2.8
5872,3.1
5878,3.9
5893,3.7
5902,3.8
5903,3.7
5909,2.5
5945,3.2
5954,3.6
5956,3.7
5957,2.6
5959,3.4
5968,3.5
5991,3.6
6003,3.6
6016,4.3
6025,3.5
6037,3.0
6059,3.1
6155,3.1
6157,2.5
6180,2.0
6188,3.5
6203,2.0
6271,4.2
6281,3.4
6283,3.7
6287,2.3
6296,3.5
6299,3.7
6303,3.3
6327,4.0
6331,3.9
6333,3.6
6365,3.3
6380,4.0
6385,3.7
6433,3.8
6440,3.9
6442,3.5
6464,2.2
6503,2.0
6534,2.4
6537,3.0
6539,3.9
6547,1.0
6552,3.8
6586,3.0
6593,2.4
6620,3.6
6641,3.7
6650,4.1
6708,3.8
6754,3.2
6773,3.9
6783,4.0
6787,4.1
6816,4.0
6820,3.0
6863,3.5
6867,3.6
6873,3.1
6875,1.0
6885,1.0
6932,3.8
6934,3.0
6936,3.2
6944,3.1
6947,3.5
6953,3.3
6957,3.5
6961,3.2
6975,3.8
6978,3.3
6979,3.6
6989,3.2
7003,3.0
7004,2.9
7008,2.9
7010,3.8
7028,4.0
7034,3.7
7123,3.8
7132,4.0
7147,3.8
7156,4.0
7162,3.3
7173,2.3
7199,1.0
7254,3.5
7265,3.8
7293,3.3
7317,3.2
7323,3.7
7325,2.5
7327,3.8
7346,3.3
7348,3.4
7371,3.9
7373,3.3
7444,2.9
7445,3.4
7451,3.5
7458,3.2
7484,3.8
7487,3.3
7560,3.4
7569,3.7
7573,3.1
7698,4.1
7792,3.3
7925,3.2
8011,3.3
8264,4.3
8360,3.6
8361,3.1
8366,3.3
8528,3.3
8529,3.4
8531,2.7
8581,3.5
8582,3.9
8623,3.5
8638,3.9
8641,3.5
8645,3.7
8665,3.8
8781,3.0
8798,3.7
8807,3.6
8865,2.7
8910,3.6
8914,3.8
8917,3.4
8930,3.5
8948,2.6
8949,3.7
8950,3.7
8957,3.3
8958,4.0
8961,3.9
8970,3.9
8972,3.4
8974,2.5
8984,2.9
26131,4.1
26152,4.0
26587,4.4
26729,4.4
26810,3.2
27020,3.5
27478,2.7
27660,3.7
27773,3.9
27821,3.1
27846,4.2
27904,3.4
30810,3.6
30812,3.6
30825,3.3
31685,3.2
31696,3.2
33004,3.3
33154,3.6
34048,2.8
34072,3.9
34150,2.5
34319,3.2
34334,2.1
34405,3.8
34542,3.8
35957,3.5
36517,3.4
36529,3.7
37386,2.5
37729,3.7
37741,3.9
38061,3.8
38886,3.5
39292,3.9
40815,3.9
41997,3.7
42718,3.8
44195,3.9
44199,3.9
44555,3.9
44597,2.5
44665,3.8
44761,3.0
44788,4.1
45186,3.3
45447,3.0
45499,3.3
45517,3.2
45666,2.9
45672,2.6
45720,3.1
45722,3.4
45728,3.5
45950,3.8
46530,2.6
46578,3.9
46723,3.6
46970,3.1
46972,3.1
46976,3.7
47610,3.7
47999,3.6
48043,3.1
48082,3.3
48394,3.7
48774,3.6
48780,4.1
49272,3.9
49278,3.5
49286,3.3
50851,3.8
50872,4.0
51080,3.9
51255,3.8
51540,3.9
51662,3.6
52245,3.1
52328,3.4
52604,3.5
52722,2.7
52973,3.4
53322,3.2
53464,1.9
53894,2.9
53972,3.5
53996,3.2
54001,3.8
54272,3.3
54372,4.5
54503,3.7
54881,4.2
55247,3.6
55269,3.8
55276,3.8
55442,4.0
55765,3.5
55820,4.0
55830,2.8
56174,3.2
56367,3.9
56563,3.8
56775,3.4
56782,4.2
57368,3.2
57640,3.3
57669,3.9
58025,2.3
58998,3.3
59126,4.0
59315,4.0
59369,3.5
59519,3.5
59615,2.6
59784,3.8
59900,2.3
60037,2.3
60040,3.2
60069,3.7
60072,2.7
60074,2.9
60126,3.2
60295,3.5
60684,3.7
60766,3.8
61024,3.5
61132,3.4
61323,3.8
61394,2.8
62374,3.9
62434,3.3
62511,3.8
63082,3.8
63113,3.1
63131,3.4
63859,3.4
64620,3.8
64839,4.0
64957,3.6
65642,4.1
65802,0.5
66097,3.8
66130,2.5
66203,3.1
66596,1.5
66665,4.2
66934,3.6
67087,3.9
67193,2.7
67665,3.1
67734,3.1
67997,4.1
68157,4.1
68159,3.9
68237,4.1
68319,2.9
68324,1.0
68358,3.8
68791,3.4
68793,2.8
68954,3.9
69122,3.6
69306,2.4
69406,3.0
69436,1.0
69481,4.1
69524,3.8
69526,2.6
70286,4.0
70293,3.8
70336,2.4
70697,1.8
70862,3.2
71264,3.7
71282,3.2
71462,4.1
71464,3.2
71535,3.6
71838,3.6
72011,3.5
72226,4.0
72378,2.4
72998,3.6
73017,3.9
73344,4.4
74458,3.8
74649,4.0
74795,3.2
74851,3.0
76077,3.0
76093,4.2
76251,3.7
76293,3.0
76738,2.5
77364,3.4
77561,3.5
78209,3.1
78469,2.8
78574,3.6
79057,3.2
79185,2.8
79242,3.2
79293,2.7
79428,2.5
79695,2.5
79702,4.0
80126,3.0
80185,3.0
80463,4.0
80862,3.1
81191,3.0
81229,4.0
81591,3.8
81782,3.0
81845,3.9
81847,3.7
81932,4.1
82461,2.9
82854,1.8
83270,1.0
83293,3.5
83349,2.2
83613,2.3
83827,4.0
84152,3.8
84374,2.9
84392,3.5
84954,3.3
85414,4.0
85774,4.1
86190,3.0
86332,3.4
86644,2.5
86781,4.0
86833,3.4
86882,3.9
86898,3.5
86911,2.5
87222,3.8
87232,4.0
87304,3.0
87306,3.4
87430,2.4
87485,2.2
87520,2.7
87869,2.9
87930,2.0
88140,3.7
88163,3.7
88356,2.0
88744,3.8
88950,0.5
89090,1.5
89337,3.0
89470,3.5
89492,3.8
89745,4.0
89840,2.0
90249,3.0
90266,2.8
90428,4.2
90439,3.2
90531,3.6
90600,4.2
90603,2.5
90647,2.5
90746,3.4
90866,3.3
90870,0.5
91505,1.0
91535,2.9
91542,3.8
91630,3.7
91653,3.5
91658,3.8
91842,2.4
91869,3.0
92420,3.2
92507,3.1
93326,2.9
93510,4.0
93721,3.8
93831,2.3
93840,3.7
94015,2.3
94018,2.5
94478,2.2
94677,3.5
94777,3.2
94780,2.0
94833,2.8
94864,3.1
94959,3.7
95105,1.8
95167,3.6
95199,2.2
95311,3.3
95443,0.5
95510,3.3
95558,3.3
95875,2.7
96150,2.0
96488,3.8
96610,3.5
96667,2.5
96737,3.2
97304,3.9
97393,3.5
97866,4.0
97913,3.5
97923,3.3
98122,2.2
98154,3.4
98809,3.5
98961,3.6
99007,3.2
99112,2.9
99114,4.0
99149,3.3
99468,2.5
99811,4.0
100032,2.0
100083,1.5
100365,2.5
100383,3.5
100517,3.0
100556,4.1
100581,2.3
100714,3.8
100745,2.2
101076,2.5
101112,1.6
101362,3.1
101864,3.2
101895,3.2
102123,3.5
102125,3.5
102445,3.8
102800,3.6
102880,1.2
102903,3.1
103042,3.0
103228,3.1
103249,2.7
103253,2.9
103372,1.8
103810,3.0
104211,3.0
104241,2.3
104272,3.0
104726,3.0
104879,3.4
105504,4.2
106072,3.2
106111,1.0
106332,3.7
106489,3.9
106782,4.1
106916,3.4
106920,4.1
107348,2.7
107406,3.6
107910,4.5
108188,2.3
108190,2.7
108689,0.5
108729,2.2
108932,4.1
108945,2.3
109187,1.8
109374,4.0
109487,4.2
109673,2.1
109687,2.5
109848,3.2
110102,4.1
110127,2.2
110553,2.5
110730,2.1
110771,2.0
111228,2.5
111360,2.3
111362,3.8
111364,2.9
111443,3.3
111622,3.7
111759,3.9
111781,3.6
112138,3.9
112171,2.6
112183,3.8
112370,2.1
112552,3.9
112556,3.7
112623,3.5
112788,1.2
112852,4.0
112940,2.2
113345,1.5
113348,2.2
113378,2.2
113741,2.5
114180,2.9
114635,4.0
115149,3.4
115502,3.5
115569,4.0
115617,4.1
115713,3.9
116161,2.7
116797,4.1
116799,2.2
116823,2.9
116897,4.7
117176,3.7
117529,3.4
117533,3.5
118696,3.1
119141,3.0
119145,3.7
120466,2.7
120799,2.9
121171,3.0
121231,4.0
122882,3.8
122886,3.5
122890,4.0
122892,3.9
122900,3.8
122902,2.0
122904,3.4
122920,3.6
122924,3.0
127136,2.2
128360,4.1
129937,1.8
130452,3.0
130490,2.3
130576,2.0
130634,2.2
131013,2.5
132046,3.1
132480,3.0
132796,2.7
132961,3.0
134130,4.1
134368,3.7
134393,3.7
134853,4.0
135133,2.8
135436,3.0
135567,3.8
135569,2.8
136020,2.9
136562,2.5
136864,2.4
137337,3.5
137857,3.6
138036,3.4
139385,3.6
139644,3.4
139757,4.2
139855,2.0
140110,4.0
140174,3.9
140267,4.0
140711,3.2
140928,1.3
142488,3.8
142507,3.0
143385,3.5
145839,1.0
145935,4.0
146656,4.2
148626,3.6
149352,3.0
149354,3.5
149406,4.3
152057,0.5
152077,3.7
152079,1.5
152081,4.0
155820,1.0
156607,1.2
156609,3.8
157200,1.5
157296,3.3
157667,1.5
158238,3.8
158528,3.5
159093,2.0
159690,2.0
159755,1.0
159858,3.8
159972,0.5
160080,1.0
160271,2.5
160563,2.5
160565,2.0
160567,4.0
161155,0.5
337,3.8
4231,3.2
4772,3.9
29,4.0
194,4.3
348,3.9
482,2.8
492,3.7
714,3.5
928,4.2
930,4.1
942,3.9
965,3.8
1104,3.9
1175,4.2
1232,3.8
1237,4.3
1241,3.0
1245,3.9
1255,3.5
1348,3.8
1570,2.5
1627,2.9
1809,4.0
2066,4.1
2067,3.7
2117,3.9
2118,3.7
2159,3.1
2204,4.2
2606,2.9
2672,3.1
2677,3.8
2892,2.7
3018,3.8
3503,3.6
3676,3.5
4404,3.0
4437,4.1
4552,4.1
4645,4.5
4725,4.5
5017,4.7
5054,3.7
5062,5.0
5072,2.3
5105,3.8
5137,4.5
5316,3.1
5574,3.1
5608,4.1
5686,3.6
5782,4.1
5853,3.2
5867,3.5
5881,2.4
5949,3.8
6140,3.5
6197,3.5
6214,3.9
6242,3.3
6294,2.9
6322,2.8
6323,3.6
6383,1.9
6530,4.1
6538,3.7
6584,2.8
6643,4.2
6666,4.1
6757,4.0
6774,3.8
6777,3.9
6790,3.6
6858,3.2
6971,4.0
6987,4.0
6993,3.8
7013,4.0
7022,3.8
7044,3.4
7068,3.2
7069,4.2
7084,3.6
7115,3.8
7116,4.7
7135,3.6
7163,3.0
7223,3.2
7587,4.0
7700,4.8
7728,3.6
7771,4.5
7827,4.5
7981,4.2
7982,3.2
7991,2.8
8195,2.8
8228,4.1
8370,3.9
8477,4.2
8600,4.0
8620,3.8
8690,3.0
8783,3.0
8928,3.5
8973,3.9
8983,3.3
27266,3.4
27317,3.8
27604,2.8
27721,3.9
27788,3.2
27834,4.5
31410,4.0
31878,3.7
31952,3.7
33615,3.3
33683,2.5
34437,3.6
7,3.3
9,3.2
18,3.3
74,3.0
76,3.3
79,3.0
81,3.2
85,4.1
86,3.8
92,3.5
100,3.4
140,3.5
376,3.4
640,3.3
653,3.1
707,3.1
719,2.8
743,2.7
765,2.8
818,2.6
849,2.7
852,3.3
880,2.4
4,2.4
23,3.1
35,3.5
42,2.3
48,2.9
57,3.1
58,4.0
63,2.8
64,2.4
89,3.4
97,3.9
105,3.1
122,3.1
154,3.8
159,3.9
166,3.0
177,2.9
179,3.5
202,3.0
206,3.6
209,2.6
229,4.1
249,3.4
262,3.8
269,3.7
276,2.9
281,3.9
283,3.0
326,4.1
328,3.6
332,3.2
334,3.1
340,3.0
346,3.0
354,3.5
361,3.4
365,3.0
366,3.3
369,3.1
379,3.3
383,3.1
407,3.0
412,3.5
423,3.4
428,3.7
445,3.1
448,3.6
450,3.4
451,3.4
456,3.3
465,3.5
475,4.2
479,3.2
491,3.3
493,3.3
501,4.1
504,3.2
507,3.5
513,2.5
517,3.1
519,2.4
522,2.8
547,3.0
580,3.0
599,4.0
612,2.7
662,3.1
703,3.0
891,2.2
898,4.4
902,3.6
915,3.9
917,3.7
929,3.8
933,4.0
940,4.0
950,4.2
951,4.2
954,4.2
955,4.1
966,4.0
968,4.1
969,4.4
982,3.0
1013,3.4
1019,3.7
1023,4.1
1042,3.5
1082,3.7
1086,3.9
1090,3.9
1091,2.6
1103,3.9
1124,3.6
1126,2.7
1128,3.4
1130,3.8
1161,4.1
1185,3.8
1216,2.9
1227,4.2
1238,4.1
1253,3.8
1261,3.8
1268,3.5
1269,3.9
1274,3.8
1286,3.6
1292,4.1
1299,4.3
1306,2.9
1321,3.6
1327,3.1
1336,3.5
1345,3.7
1347,3.3
1350,3.4
1354,4.0
1381,2.4
1382,2.0
1389,1.8
1441,3.4
4970,3.7
905,4.4
1907,3.6
1960,4.0
2013,3.2
2690,4.2
3196,4.0
3406,4.1
5380,4.0
5747,3.7
6201,3.5
6516,4.0
6753,3.4
7212,4.0
7841,2.8
8191,4.0
8493,3.7
8611,2.2
26111,3.3
31116,3.8
32469,4.0
38038,3.8
47721,3.1
51471,5.0
54259,3.9
58047,3.9
58299,3.4
64285,3.8
181,1.8
393,2.1
553,3.5
918,3.6
921,3.9
945,4.0
948,3.6
952,3.4
1012,3.6
1135,3.3
1224,4.2
1256,4.1
1296,3.8
1301,3.8
1346,3.1
1395,3.4
1427,3.2
315,2.9
1641,3.8
1693,3.7
1769,2.6
1799,3.6
2301,3.7
2402,2.5
2431,3.1
2459,3.5
2953,2.5
3213,3.8
3355,3.7
3438,3.0
3697,2.9
4105,3.6
6286,4.1
6541,2.8
6893,3.4
7360,3.4
7454,2.8
7482,4.0
8947,2.8
31184,4.5
20,2.5
24,3.0
224,3.6
236,3.4
425,3.9
532,3.2
605,3.3
668,4.0
670,3.2
841,3.7
900,4.0
949,3.6
971,3.8
1078,3.8
1096,4.0
1188,3.4
1202,3.6
1277,4.0
1305,4.3
1438,2.7
1515,3.0
1797,3.8
1835,3.4
1873,3.7
1900,3.7
1927,4.3
1931,4.2
1932,2.8
1935,3.9
1941,4.4
1944,3.9
1946,4.2
1947,4.0
1949,3.6
1951,3.6
1957,3.9
1958,3.9
1959,3.8
2022,3.4
2027,2.2
2068,4.2
2132,4.2
2176,3.8
2178,3.6
2181,3.6
2183,3.7
2203,4.4
2205,3.5
2361,3.8
2474,3.8
2644,4.1
2721,4.4
2728,3.9
2730,3.3
2731,3.9
2739,3.9
2746,3.6
2805,3.1
2932,4.0
2970,3.7
3053,2.8
3067,4.0
3088,4.3
3095,4.1
3100,3.6
3155,3.4
3159,3.4
3201,4.1
3245,4.5
3248,2.4
3252,4.0
3310,4.4
3365,3.8
3371,3.8
3405,3.6
3415,3.2
3468,4.1
3475,4.1
3498,3.9
3546,3.8
3559,3.3
3629,4.0
3668,3.4
3681,3.8
3736,3.6
3741,3.9
3992,3.4
4008,3.6
4103,4.1
4267,3.3
4278,3.3
4282,3.3
4297,4.0
4312,3.9
4359,3.2
4432,3.8
4458,3.8
4564,2.7
4857,3.5
4865,3.4
4967,3.9
4976,3.0
4978,3.6
5014,3.4
5073,3.5
5096,3.0
5114,4.6
5147,4.1
5177,4.0
5304,3.0
5348,3.5
5367,4.2
5373,3.5
5385,3.8
5446,4.2
5470,3.4
5489,3.4
5599,3.5
5633,4.5
5682,3.8
5810,3.2
5882,3.0
5940,3.4
5971,4.2
5992,3.8
6001,4.0
6008,3.5
6162,2.0
6235,4.0
6404,3.5
6415,1.5
6591,3.8
6599,3.5
6611,4.5
6669,4.8
6709,3.2
6796,4.0
6807,4.1
6881,3.6
6890,3.4
6918,5.0
6954,4.2
6981,2.5
6982,3.2
6985,4.3
7038,3.7
7042,2.5
7063,4.3
7070,3.8
7072,4.0
7088,4.2
7104,2.6
7136,4.2
7139,3.9
7160,3.6
7161,2.6
7234,3.9
7347,3.2
7419,3.9
7713,3.5
7748,3.5
7759,1.0
7766,4.1
7942,3.0
8019,4.0
8042,3.9
8125,4.3
8154,4.1
8239,4.5
8338,3.8
8507,3.4
8656,3.8
8955,5.0
8966,3.5
25753,3.5
25769,4.0
25805,3.8
26052,3.8
26242,4.0
27803,4.3
30820,3.4
31101,4.0
31658,4.2
32892,4.0
33162,3.0
33903,4.2
34143,2.7
34326,4.5
36535,3.3
37733,3.6
37736,3.0
39183,3.6
39231,3.8
39869,4.0
40278,3.5
40629,3.7
41285,3.5
41571,3.3
41863,3.8
42004,4.4
42418,3.8
42734,3.5
44204,3.8
1034,4.0
78,3.2
842,2.3
1409,3.0
69,3.8
3744,2.7
27376,0.5
27831,3.7
37731,3.6
49530,4.0
52952,4.2
53129,4.0
55118,3.7
55167,2.4
55280,3.7
59387,4.0
62849,3.6
65514,4.0
70533,3.3
73587,4.8
82459,3.8
92259,4.2
73,4.1
1892,3.3
2356,3.2
1300,4.1
1366,4.0
2202,4.4
2300,4.2
2470,3.2
2583,3.3
2662,3.4
1681,1.9
2065,3.6
2367,2.7
2384,3.1
2942,3.2
3720,3.5
5065,2.6
27822,3.1
73268,3.3
8,3.8
118,2.8
203,3.3
227,3.2
228,2.0
254,3.0
368,3.5
413,2.3
419,2.6
424,3.0
426,3.2
432,2.7
459,3.5
463,3.4
472,3.5
477,3.6
518,2.1
523,3.3
581,4.2
767,4.0
782,3.3
806,2.9
869,2.8
947,3.7
996,3.2
1006,3.0
1010,3.0
1017,3.3
1018,3.4
1025,3.6
1081,3.7
1114,3.2
1181,4.0
1226,3.6
1352,3.5
1390,3.5
1399,3.5
1422,3.1
1440,3.0
1461,2.7
1488,3.0
1508,3.3
1523,4.0
1566,3.5
1588,3.1
1598,3.8
1614,3.4
1620,3.4
1624,4.0
1672,3.7
1686,3.6
1701,3.5
1711,3.4
1726,1.9
1783,2.7
1785,3.8
1791,3.2
1798,2.3
1864,3.0
1943,3.3
1965,3.7
1982,3.5
2009,3.5
2015,3.3
2024,3.3
2070,4.0
2082,2.7
2083,3.6
2088,2.5
2112,3.3
2116,3.4
2120,3.2
2121,2.8
2122,2.3
2136,2.7
2146,3.2
2148,3.7
2166,3.7
2184,3.7
2188,2.6
2236,2.6
2240,3.2
2245,3.6
2247,3.4
2252,3.5
2253,2.8
2255,2.4
2264,3.0
2267,4.5
2286,1.7
2296,2.6
2307,4.0
2320,2.8
2346,3.1
2347,3.3
2352,3.8
2374,3.2
2376,3.2
2389,2.7
2398,3.7
2411,2.8
2412,2.6
2417,3.0
2418,3.5
2420,3.4
2432,3.9
2433,3.2
2435,3.0
2457,3.2
2463,3.7
2468,3.0
2517,3.4
2518,3.3
2520,3.4
2521,2.8
2523,2.7
2524,3.4
2530,2.9
2531,2.7
2532,3.1
2533,2.7
2535,2.7
2561,3.6
2577,3.0
2611,3.8
2639,3.4
2641,3.2
2642,2.3
2664,4.0
2687,3.6
2688,3.2
2738,2.7
2741,2.7
2749,4.0
2750,3.8
2757,3.9
2782,3.8
2787,3.2
2790,2.4
2793,2.6
2794,2.9
2802,3.3
2829,3.0
2851,3.0
2852,3.7
2856,3.4
2875,3.4
2883,3.6
2917,4.2
2929,3.9
2944,3.7
2950,2.5
2956,3.5
2966,3.6
2967,3.4
2971,4.1
2977,3.0
2989,3.5
3015,3.3
3032,3.6
3035,4.4
3038,5.0
3063,3.4
3068,4.0
3072,3.7
3074,3.8
3087,3.3
3098,3.6
3102,3.9
3105,3.8
3111,4.2
3120,3.0
3130,2.5
3138,3.0
3141,3.6
3144,2.5
3156,3.0
3167,4.4
3197,3.2
3198,4.0
3204,3.9
3206,2.8
3218,3.6
3244,3.6
3247,3.1
3249,3.4
3257,2.7
3258,2.9
3269,2.6
3274,3.5
3296,3.6
3308,3.5
3334,3.8
3359,4.1
3360,3.8
3363,4.1
3370,4.0
3385,2.7
3391,3.3
3394,3.0
3395,2.8
3420,3.7
3426,3.4
3428,3.0
3441,2.8
3445,2.8
3451,3.7
3478,3.3
3483,3.2
3494,3.3
3500,3.0
3506,3.6
3507,3.8
3513,3.3
3524,3.9
3526,3.6
3528,2.7
3529,3.6
3537,2.8
3545,3.8
3548,4.0
3549,3.4
3551,3.9
3557,3.5
3608,3.3
3613,3.0
3614,3.2
3649,3.1
3684,3.9
3685,3.6
3686,3.6
3688,2.9
3701,3.3
3702,3.8
3704,3.3
3712,3.4
3713,3.8
3724,4.1
3734,3.6
3804,3.5
3812,3.3
3834,3.0
3859,3.8
3927,3.6
3957,2.1
4002,3.4
4009,4.0
4012,2.5
4039,3.3
4041,3.5
4060,4.0
4062,3.2
4063,3.0
4086,4.2
4088,5.0
4090,2.8
4102,3.8
4111,3.8
4122,4.0
4126,2.8
4128,3.9
4132,3.2
4146,2.5
4190,4.0
4211,3.9
4214,3.1
4228,3.2
4263,4.3
4276,3.0
4280,3.8
4291,2.4
4292,3.9
4316,2.0
4318,2.9
4326,4.1
4333,3.0
4345,3.2
4352,3.7
4354,4.0
4396,3.5
4406,3.9
4409,2.4
4464,3.6
4465,3.8
4474,2.7
4482,2.5
4486,2.5
4487,2.0
4488,2.9
4491,2.0
4495,2.9
4496,3.0
4498,4.0
4499,3.5
4503,3.0
4522,5.0
4524,4.0
4526,2.5
4528,2.0
4557,3.3
4570,4.2
4573,4.0
4608,4.0
4615,1.0
4617,5.0
4627,2.7
4628,3.6
4629,2.0
4661,3.9
4681,3.6
4709,3.5
4710,3.5
4714,2.0
4733,4.0
4751,4.0
4787,3.8
4803,3.1
4815,3.5
4830,3.5
4832,3.0
4835,3.2
4889,3.6
4898,3.1
4929,2.7
4932,3.1
4941,3.1
4951,2.6
4954,2.8
4960,4.0
4971,3.5
5027,2.8
5043,3.0
5049,3.5
5061,1.7
5111,3.0
5122,4.0
5125,2.0
5127,2.7
5152,3.8
5161,4.0
5172,2.5
5187,4.0
5193,3.7
5198,4.0
5208,4.0
5214,3.8
5237,2.8
5247,2.5
5250,3.5
5276,4.0
5277,2.0
5297,4.0
5303,2.8
5307,3.0
5309,2.8
5334,2.8
5335,2.0
5344,4.0
5359,3.0
5366,1.0
5382,3.6
5452,1.8
5471,3.0
5506,3.4
5534,4.0
5544,3.5
5548,3.5
5561,4.0
5564,2.0
5581,2.5
5655,3.5
5670,4.1
5680,3.7
5689,4.0
5694,2.2
5696,4.0
5699,4.0
5703,3.0
5705,3.2
5707,3.1
5712,3.5
5723,4.0
5729,2.5
5732,4.5
5742,4.0
5745,4.0
5773,3.0
5812,4.2
5843,4.0
5846,4.0
5847,3.0
5854,4.0
5857,1.0
5859,2.5
5869,4.0
5900,2.4
5923,2.8
5926,3.0
5927,2.5
5933,4.0
5938,2.2
5960,5.0
5961,3.5
5962,1.8
6027,3.3
6084,3.0
6096,3.0
6101,4.0
6103,2.0
6115,2.8
6127,2.2
6186,2.0
6212,2.6
6233,2.8
6234,3.0
6237,3.7
6238,2.8
6240,3.0
6263,2.9
6308,2.8
6318,2.5
6345,3.2
6413,3.5
6419,4.5
6422,3.3
6436,3.6
6452,3.9
6473,3.8
6565,3.8
1416,3.2
3698,3.2
74789,3.1
204,3.0
420,2.6
88,2.9
1359,2.1
1760,1.8
1974,3.1
1983,3.2
1984,1.9
2107,3.2
2170,3.0
2507,1.0
2689,2.8
2888,2.6
2891,2.8
3568,3.0
3858,3.3
4016,3.5
4248,2.5
4251,4.0
4340,2.5
4452,2.6
4483,2.5
4502,1.2
4509,3.2
4558,2.9
4622,3.0
4649,2.8
4652,2.5
4662,3.5
4809,3.8
4956,3.0
4988,3.0
5106,2.2
5282,3.2
5483,3.6
678,3.8
1340,3.8
2338,2.5
2527,3.4
2553,4.4
2863,3.9
2901,3.8
2921,3.5
2951,3.9
3062,4.1
3066,3.4
3467,3.9
3508,4.0
3703,3.8
3706,3.6
3727,3.5
3811,3.9
3917,3.5
838,3.8
41,4.0
55,3.3
68,3.5
147,3.6
242,3.8
256,2.7
312,3.6
321,3.6
381,3.1
469,3.1
521,3.6
1150,3.8
1367,3.0
3357,4.8
3564,2.1
4054,3.4
4069,2.5
2075,3.8
2092,2.7
2131,4.5
3677,4.3
4114,5.0
4422,4.5
4862,3.0
4936,3.5
6107,5.0
7089,4.1
7396,4.1
7936,4.5
7941,4.1
8197,3.7
48682,5.0
59447,5.0
69761,5.0
71180,5.0
76111,4.3
89759,4.3
96829,4.2
97826,5.0
98587,5.0
100843,4.5
101070,3.0
102753,5.0
103980,3.8
105197,4.4
105355,4.5
105769,4.5
107555,5.0
110586,4.5
188,3.1
220,3.0
285,4.0
330,2.7
338,2.8
606,2.8
611,3.0
127202,4.0
130,4.5
327,2.8
986,3.5
1037,2.8
1437,3.5
1545,4.2
1591,2.7
1772,3.1
1880,4.0
2322,3.0
2522,2.4
2536,3.2
2808,2.6
3479,3.5
3593,1.2
3699,3.5
3802,2.5
3937,2.5
4443,4.1
4553,4.2
4625,2.2
4691,2.5
4789,5.0
4811,4.0
4874,3.2
5490,4.2
5518,4.5
5522,4.1
5981,4.0
6116,4.5
6264,2.5
6316,3.2
6645,3.0
6678,2.3
6725,5.0
6951,2.3
7001,3.5
7060,3.1
7164,3.3
7817,3.5
8371,3.2
8499,3.1
8633,3.7
8861,2.8
69844,4.1
837,3.7
1457,3.0
1612,3.0
1806,1.5
1821,3.1
2004,2.6
2390,3.4
2496,3.3
2622,3.2
2836,3.2
2879,3.7
2978,3.2
3189,3.4
3254,3.1
3450,3.2
3515,3.4
3525,3.4
135,3.0
637,2.8
7064,3.9
26151,5.0
1707,2.2
2153,2.2
2379,2.4
2381,2.0
2383,1.7
8387,1.9
59018,4.2
98124,4.3
741,4.1
5146,3.6
5570,3.0
5690,4.0
6223,2.8
6291,3.3
6350,4.1
6857,3.4
7099,4.1
7235,4.0
7256,4.2
7382,3.5
8132,4.5
8157,3.7
8906,3.5
8907,2.7
8965,2.8
26662,3.8
26776,3.9
27156,4.5
27523,4.2
27713,4.0
27722,2.5
27731,3.7
27800,3.5
27801,3.2
27838,3.6
27850,3.3
27878,3.8
30867,4.0
31435,4.8
32031,3.3
32554,4.0
32562,4.0
34323,3.3
36276,3.1
37830,3.3
41769,3.0
42723,2.6
44022,3.2
44397,2.0
44633,4.0
44828,1.8
44974,3.8
45431,2.9
46948,3.2
47099,3.8
47124,2.8
47404,4.0
48414,3.0
48982,3.5
48997,3.2
50583,3.0
50601,2.6
52281,3.7
52287,3.3
52319,4.0
52458,3.6
53121,3.1
53326,2.0
53460,2.8
53519,3.6
53883,4.5
54995,3.7
55444,2.0
55768,2.9
55814,3.9
55908,3.9
55995,2.5
56069,2.5
56095,3.0
56145,3.6
56339,3.9
56607,4.2
56757,3.3
56908,4.0
57274,3.3
57453,3.0
57504,3.8
57980,3.0
58347,3.8
58554,3.5
59118,4.0
59141,3.5
59684,5.0
60161,4.0
60291,4.0
60763,3.3
61240,3.8
62203,4.0
62250,3.0
62956,3.9
62999,3.2
63808,3.7
64575,3.1
64716,4.0
64969,3.2
64983,3.4
64993,3.8
65037,5.0
65261,4.2
66371,4.2
67197,2.7
67255,3.6
67408,3.3
68945,3.5
69644,3.3
69712,2.9
70159,4.0
70567,3.5
71033,3.7
71057,3.4
71379,2.9
71468,2.5
71520,2.9
71579,3.6
71899,3.9
72104,3.0
72209,2.8
72393,4.0
72731,3.0
72741,3.5
73321,3.6
73392,3.5
73664,3.0
73881,3.9
74228,3.2
74677,4.0
76173,4.5
77307,3.7
77427,1.2
77837,4.0
79029,4.0
79091,3.7
79357,4.2
79868,3.5
80586,3.8
80831,3.2
81018,3.5
81564,4.0
82667,3.9
83132,3.8
83134,3.9
83803,3.8
84187,3.8
84772,2.8
84944,3.7
84952,4.2
85412,3.6
85510,2.2
85736,4.0
85788,3.5
85796,2.2
86298,3.1
86347,4.2
86721,3.0
89837,3.2
90469,2.3
91414,3.0
92058,2.0
93272,2.0
93838,4.1
95375,3.0
95543,3.0
95858,4.5
96281,3.0
96606,4.0
96821,3.9
97188,2.8
97225,3.2
97752,3.4
97921,3.7
97957,4.5
98056,3.5
98243,3.3
99145,4.0
101142,3.1
103299,3.2
103335,3.4
103688,2.9
106002,3.4
106204,3.0
106696,4.0
107769,2.5
107953,3.0
109578,3.6
109846,3.0
109850,2.5
110501,3.8
110591,2.8
110655,2.5
111659,3.2
112175,4.1
112515,3.8
114935,3.4
115534,2.0
115624,3.0
258,2.5
303,3.2
421,3.0
688,2.4
897,3.6
976,3.0
1085,3.5
2287,3.5
2414,3.3
2430,3.8
2471,2.6
2537,2.0
2669,3.3
2748,2.7
2815,2.5
2816,1.8
2817,1.7
2941,3.2
3412,3.7
3417,4.3
3519,3.5
3628,4.0
3643,3.5
3836,3.5
3959,3.4
4042,3.2
4047,3.5
1636,1.0
1888,2.9
1948,4.5
2670,4.3
461,3.3
1969,2.7
2408,2.4
2806,2.5
5525,4.0
6058,2.4
6370,3.8
6776,4.4
7615,3.8
8918,3.0
31408,4.2
37727,2.5
43744,4.0
51094,3.5
52545,4.0
55451,4.2
60950,3.2
238,3.0
392,2.7
484,2.8
1911,2.8
1995,2.4
2093,3.6
2368,2.7
3178,3.6
3434,4.0
3906,4.0
4467,3.6
26160,3.5
26294,3.8
44197,4.5
48660,1.0
56941,3.6
58803,3.8
69640,3.6
77846,4.1
91355,3.5
96655,4.5
65,2.0
609,3.1
761,3.1
250,3.2
2052,3.3
3079,3.9
3086,4.0
3268,1.8
3480,3.7
3606,4.1
3653,4.1
3972,3.5
4091,3.2
4771,4.0
5103,3.9
5401,3.4
5785,3.3
5970,3.6
6618,3.7
6732,4.2
7018,3.0
7036,2.9
7263,3.9
26084,3.8
26471,2.0
27253,4.0
32598,3.1
33495,2.8
33660,3.6
33880,2.7
34528,4.0
48322,3.2
48698,4.3
50514,4.0
52435,3.9
53123,3.9
53125,3.3
54256,4.0
55052,3.8
55805,3.4
56333,3.8
57532,1.3
60756,3.8
65188,3.6
70728,3.5
71466,3.9
72171,4.1
72720,3.5
73023,3.8
74275,3.9
74416,4.2
74754,5.0
74916,3.1
79592,3.4
79677,5.0
80549,3.7
81156,3.8
83086,1.0
83976,4.0
84116,4.0
85438,3.8
86000,4.8
86884,4.0
87522,2.8
88810,4.0
88812,3.1
90374,3.2
90376,3.5
90947,4.0
91199,3.8
93270,1.7
93422,4.0
93443,4.2
93512,3.4
94896,3.5
95088,4.2
95441,3.0
96110,2.7
96467,4.2
96728,4.0
96911,4.5
97306,4.0
97836,1.8
99117,2.1
99764,5.0
99917,2.0
100272,4.0
101577,1.7
102993,3.8
103141,3.6
103279,3.5
103624,3.9
104944,4.2
105429,4.0
105715,2.0
105844,4.0
106062,3.0
106100,3.9
106144,4.0
106438,4.1
107141,3.2
107978,5.0
108156,2.0
110461,4.0
111617,2.2
112421,4.2
113064,3.8
113453,2.3
113705,2.8
113829,3.5
113862,3.8
114074,3.0
114342,4.0
127108,5.0
127152,4.2
127198,3.1
127206,2.0
128620,5.0
131168,4.0
133771,4.2
134170,3.4
139116,5.0
140715,3.5
141890,4.0
142422,4.0
148881,5.0
155392,4.0
160590,5.0
635,3.9
728,4.0
1007,2.7
1009,3.2
1323,2.2
1326,2.7
1587,3.3
1975,1.9
1977,1.7
1978,2.5
1979,2.2
1981,2.3
1987,2.5
1996,1.8
2037,3.7
2044,2.2
2097,3.8
2111,3.3
2130,4.1
2163,3.2
415,2.8
999,3.3
1021,3.2
2016,2.5
2180,3.5
2475,3.5
2792,3.4
2846,3.9
3070,3.9
3153,4.1
3672,3.6
3710,3.0
7040,3.5
26695,3.5
34153,4.0
3726,2.5
7387,3.6
8981,3.9
801,3.2
2123,3.2
5693,3.1
6743,3.6
8544,3.5
27706,3.1
55566,4.0
56030,3.5
56171,3.2
101947,3.5
104374,4.0
112290,3.4
114662,2.8
120637,1.8
160438,4.2
1015,3.3
1105,1.8
1474,1.7
2393,3.5
4846,3.8
7318,3.0
2456,2.2
12,2.9
28,4.1
43,3.6
279,2.9
280,4.1
294,3.3
452,4.0
613,3.5
631,3.2
650,3.2
664,3.5
694,2.8
709,2.9
711,3.2
934,3.6
2469,3.3
2779,3.6
4187,3.9
6297,3.2
26025,2.0
26562,4.0
31374,2.2
45668,3.1
374,2.1
2059,3.2
3821,2.2
4254,2.4
68554,3.2
61,3.6
667,3.7
704,3.0
810,2.0
839,3.3
3125,3.3
3422,3.4
3920,3.5
3925,3.9
3930,3.4
3932,3.2
3963,3.4
3965,3.0
3966,4.8
53000,3.4
54997,4.0
15,2.3
98,3.0
239,2.9
352,3.4
409,2.5
502,2.4
510,2.3
514,3.6
575,3.6
742,2.8
1049,3.6
1456,1.5
1590,3.0
1595,1.8
1599,1.8
1603,2.4
1762,3.1
1826,0.8
1840,2.9
1916,3.7
1920,2.8
1991,3.0
2089,3.5
2090,3.7
2138,4.0
2142,3.2
2164,1.0
2195,2.8
2305,4.5
2315,3.0
2327,3.9
2335,3.3
2404,2.2
2421,2.6
2422,2.2
2429,3.0
2451,3.8
2495,3.9
2555,0.9
2582,3.1
2798,2.5
2860,3.3
2862,3.1
2900,3.0
2924,4.6
2948,3.6
2974,1.5
3013,2.5
3036,4.0
3439,2.5
3440,1.6
3554,3.7
3573,2.2
3574,0.8
3581,4.0
3687,3.5
3696,4.3
3740,3.2
3761,3.5
3843,3.5
3950,3.7
3955,2.8
3961,2.7
3962,2.2
3970,3.8
4135,3.5
4255,1.7
4275,2.8
4415,3.5
4438,4.0
4441,2.3
4444,4.0
4454,4.0
4519,3.4
4533,3.8
4577,4.0
4614,2.8
4618,2.9
4619,3.2
4624,2.0
4697,3.4
4775,1.0
4800,3.8
4855,3.5
4899,3.2
4915,3.0
4980,3.1
4987,3.0
4989,2.5
5025,2.8
5040,3.5
5055,3.2
5094,1.0
5139,3.5
5151,2.9
5159,3.6
5165,3.7
5205,3.5
5210,3.5
5244,5.0
5294,3.0
5329,3.8
5540,3.8
5572,2.7
5585,1.0
5621,2.5
5666,2.1
5691,2.5
5734,2.5
5735,3.0
5736,2.5
5737,2.0
5746,4.5
5942,2.5
5943,2.5
5955,3.6
6156,3.2
6213,3.3
6298,0.5
6338,2.2
6379,2.8
6548,3.2
6559,4.0
6564,2.6
6566,0.5
6582,3.2
6595,2.4
6602,4.0
6615,2.2
6659,3.4
6664,3.5
6695,1.5
6707,2.5
6731,3.2
6755,3.3
6803,4.0
6887,3.0
6888,2.4
6902,3.8
6952,3.3
6977,3.2
7007,3.3
7045,3.5
7046,2.9
7117,3.0
7137,4.0
7285,3.9
7308,3.2
7324,3.5
7367,2.5
7411,2.0
7481,3.4
7701,1.7
7743,3.2
7802,4.2
7842,3.2
7844,4.0
7845,3.0
7846,2.5
7915,3.5
7976,3.8
7984,3.5
7987,3.5
8131,4.2
8340,3.7
8363,2.0
8372,1.5
8373,2.4
8526,2.3
8640,2.5
8810,2.6
8811,0.5
8854,3.5
8859,0.5
25962,4.0
26258,4.0
26403,4.0
26480,3.0
26547,4.0
26585,3.5
26603,3.8
26606,4.2
26684,4.0
26704,4.0
26736,4.0
26842,4.0
27002,3.3
27022,4.3
27032,2.0
27109,3.8
27555,4.0
27611,3.4
27646,4.5
27704,2.5
27772,2.2
27778,3.5
27793,1.8
27808,2.8
31150,3.8
31225,4.2
31290,0.5
31422,2.0
31431,1.0
32352,3.0
32387,4.0
32596,3.1
33164,1.8
33171,4.0
33834,3.3
34530,1.5
36519,3.0
36708,3.8
39381,3.0
39446,3.2
40574,3.0
40732,3.9
42011,2.2
42725,3.5
43838,3.5
43919,1.6
43921,4.0
43936,2.9
44245,4.0
44972,2.9
45183,3.8
45506,4.0
45726,2.5
46322,4.1
46335,2.6
46337,1.2
46865,1.8
46965,2.8
47200,3.1
47640,2.7
47815,0.5
47997,3.1
48304,4.0
48591,0.5
48696,3.9
48744,3.2
48877,2.9
49526,3.0
49528,2.2
49649,2.2
49651,3.6
49817,4.0
50641,4.8
50651,3.0
50794,3.5
50798,1.5
50806,1.5
51277,4.5
51931,4.0
51937,2.5
52462,3.8
53318,3.9
53468,3.8
53550,3.7
54190,3.4
54290,0.5
54331,3.8
54648,2.3
54745,3.5
55094,3.5
55207,4.0
55232,2.9
55245,3.2
55290,3.8
55577,2.9
55721,3.9
56003,2.8
56251,3.8
56587,3.6
56801,1.9
57528,3.6
58146,0.5
58293,1.5
58301,4.0
58315,2.2
58351,4.2
58627,3.8
58975,2.5
59014,2.1
59022,2.9
59995,3.8
60293,3.4
60487,3.5
60609,4.0
60753,3.7
61248,3.4
61348,0.5
62394,1.3
62801,4.0
62912,3.0
63072,3.4
63540,0.5
63826,3.0
63876,3.6
63992,2.5
64197,4.2
64508,1.0
64900,4.0
65126,3.8
65310,3.0
65982,3.2
66066,0.5
66090,3.8
66297,3.6
66335,2.2
67252,3.3
67695,2.5
67923,3.2
68073,3.9
68444,3.0
68901,3.5
68952,3.5
68959,2.5
68965,0.5
69685,3.0
69746,2.5
70465,4.0
70946,0.5
71106,3.8
71135,3.9
71248,2.6
71429,4.3
71533,3.0
71745,3.0
72603,3.0
72641,3.9
72733,3.8
73759,4.0
74545,3.2
74944,3.0
74948,3.7
75813,3.2
76060,2.0
76272,3.5
77800,3.6
77866,2.8
78266,2.0
78349,3.2
78772,1.8
79008,4.2
79251,2.8
79274,3.1
79553,3.8
79720,3.2
79879,2.8
80083,3.5
80219,4.0
80693,4.0
80846,3.2
81083,3.8
81660,2.5
81788,4.2
82041,3.5
82527,4.2
85342,4.1
85401,3.5
85881,3.4
86142,3.3
87192,3.7
87234,3.8
87298,2.9
88118,4.0
89039,3.8
89085,4.5
89343,3.5
89774,3.9
89864,3.7
90430,4.2
91485,3.0
91976,2.0
92309,2.5
93320,5.0
93855,4.5
94070,3.5
95147,3.5
95165,3.0
95182,3.0
95473,3.5
95475,4.5
95499,4.5
95780,3.5
95782,3.5
95963,3.5
95965,4.5
96004,4.0
96007,3.5
96432,3.0
96588,3.9
96811,4.0
97860,3.0
98607,3.8
98829,4.0
99728,3.4
100159,3.5
101525,3.9
102033,3.0
102194,3.7
102252,4.5
102407,2.9
102716,3.2
103048,3.7
103384,2.2
103772,3.0
104913,4.4
105213,3.2
106022,4.0
106491,2.7
106918,3.6
107069,3.5
107999,3.5
108090,3.5
108583,4.2
108981,4.0
109074,4.0
109895,3.2
110348,4.0
110882,3.2
111624,3.5
111921,3.9
112818,2.5
113252,3.5
113573,3.0
114060,3.5
114670,3.2
115122,4.4
115216,3.5
115877,3.5
115881,2.0
116397,3.8
117123,3.0
118082,3.5
126006,3.5
130642,3.5
130682,3.5
135887,2.9
139130,4.0
141718,3.5
141866,4.0
152091,3.0
152844,4.0
156726,3.5
159462,3.0
161594,3.0
162376,4.5
2106,3.6
2549,2.1
4799,3.8
8985,1.8
42002,2.8
44694,3.4
2275,3.2
2450,1.8
3264,2.9
3397,3.4
3398,3.5
4040,2.4
4092,2.5
6093,4.1
6305,3.2
6662,3.8
6811,2.9
7236,3.0
7649,4.0
7708,2.5
7810,3.7
7811,3.8
7812,3.8
8537,4.0
26492,3.5
26700,1.7
27685,1.0
31221,2.3
37857,4.3
47423,2.8
47518,3.6
1586,2.8
2297,3.0
3908,2.9
5784,2.4
6793,3.1
7566,4.6
26712,4.5
38499,4.4
43679,4.0
50658,4.4
50740,4.5
50742,4.5
51935,4.2
52767,4.5
65130,3.5
70678,4.5
97673,4.5
42738,3.2
45081,2.9
46,3.2
93,2.2
156,4.0
191,3.0
783,3.4
190,3.8
495,3.8
872,5.0
1132,3.7
1913,3.8
2673,4.8
3637,4.0
3814,4.1
4334,3.5
4470,4.5
4928,4.0
5028,4.5
5530,2.5
5668,3.6
6123,4.0
6301,3.0
6509,4.0
7172,4.0
7460,3.1
7564,5.0
7574,5.0
7786,3.5
7820,4.0
7938,3.5
7979,3.9
8014,3.6
8199,4.8
8327,4.2
8367,3.0
8485,4.0
26150,5.0
26228,4.0
26318,4.5
26326,4.5
26578,5.0
31437,4.0
31524,4.0
31930,4.0
40491,4.5
43899,3.0
45000,4.0
47274,4.0
48165,4.5
52528,4.0
52617,5.0
52885,4.1
53447,4.0
58425,4.5
61206,4.5
64701,3.0
68137,2.0
68967,4.0
69516,4.2
71108,4.3
71438,3.5
78836,4.5
81054,4.0
81786,4.2
205,4.0
351,3.2
2155,3.3
2359,4.1
3022,4.2
3037,4.2
4174,3.8
4688,4.0
5602,3.9
3980,3.2
33646,3.2
234,2.8
255,2.2
275,2.8
291,2.0
437,2.8
546,1.7
548,3.0
30,4.0
72,3.2
116,4.8
121,3.8
124,3.0
171,4.3
178,4.7
213,4.2
218,3.3
263,3.0
287,3.2
290,3.9
299,3.8
302,3.7
305,2.8
324,3.3
331,3.0
427,2.4
444,3.0
446,4.0
568,3.5
633,4.0
753,3.5
756,3.0
766,4.2
828,3.4
830,3.1
844,3.0
892,3.8
1046,3.9
1163,2.5
2962,3.6
51705,3.5
52668,4.5
62344,3.5
63515,3.5
66198,2.5
67799,2.5
1351,4.0
1472,4.0
1554,3.3
747,2.8
2380,1.8
2382,1.8
3387,3.4
4084,3.0
6482,1.2
6550,2.5
6763,2.2
43836,2.1
52694,2.2
54732,2.8
66798,4.0
78041,2.8
82852,2.3
94466,3.7
96616,2.2
103341,3.6
103883,2.7
104218,2.5
116977,2.7
132157,2.0
455,2.8
27790,3.9
54328,5.0
84304,3.5
40414,4.3
48738,4.0
58706,4.0
63062,3.7
64622,3.2
174,2.2
360,2.5
879,3.3
1322,2.5
1330,3.4
1655,3.5
1970,2.6
1971,2.7
1972,2.6
1973,2.3
1985,2.2
1988,3.0
2026,3.2
2069,3.8
2113,3.0
2119,3.0
2149,2.0
2279,3.4
2443,4.0
2445,2.6
2461,3.2
2462,2.1
2465,4.0
2485,3.2
2789,2.4
2868,3.0
2928,3.7
3017,3.1
3024,3.7
3051,3.2
3203,3.8
3660,3.5
3693,3.1
3709,2.7
3764,2.1
3840,4.0
3877,2.8
3918,3.0
4081,3.0
4124,1.7
4140,5.0
4205,3.3
4213,3.5
4222,3.0
4266,3.0
4480,3.0
4490,3.0
4501,3.0
4516,3.5
4520,2.7
4560,3.0
4561,4.0
4636,2.0
4670,3.2
4682,3.7
4949,2.0
5080,2.8
5203,4.0
5292,3.8
5342,2.0
5343,3.0
2208,4.1
3739,4.7
6254,4.1
6273,4.8
7056,3.9
7831,3.7
8094,4.0
8128,3.6
8629,3.0
8765,4.0
25850,3.9
25868,3.7
25947,4.2
30712,4.2
32525,5.0
47202,4.0
7081,5.0
7154,3.4
8522,3.8
8969,3.3
25801,5.0
56949,3.1
64034,4.1
148888,3.0
149830,3.0
156025,5.0
1014,3.3
1083,3.0
1619,3.4
1670,3.8
1937,3.5
2099,3.7
2135,3.0
2436,3.5
2442,4.0
2565,3.4
2801,3.8
3186,3.6
26701,4.0
56921,3.8
37,2.0
117,3.0
417,3.6
506,3.1
927,4.5
973,4.3
1057,3.8
1192,4.4
1273,3.7
1279,3.8
1341,4.0
1384,4.0
1420,5.0
1516,4.0
1535,3.8
1594,3.4
1648,3.2
1734,3.8
1788,4.2
1841,3.2
1856,3.3
1924,3.6
1929,2.9
1939,4.6
1966,3.6
1999,2.7
2043,3.6
2137,3.8
2219,4.0
2227,4.0
2290,3.2
2312,3.7
2345,3.8
2362,2.8
2397,3.5
2453,3.3
2548,1.1
2725,3.6
2747,3.0
2764,4.2
2784,4.0
2820,4.5
2844,3.3
2859,4.0
2866,3.8
2919,3.8
2920,4.5
2922,3.8
3011,3.7
3061,3.6
3093,3.1
3145,3.2
3163,3.7
3223,3.8
3224,3.8
3327,3.0
3329,4.0
3342,4.0
3350,3.8
3469,4.5
3511,2.0
3521,3.9
3544,3.7
3547,3.4
3550,3.7
3565,3.4
3588,4.0
3590,2.8
3591,3.3
3609,4.2
3655,4.5
3675,3.5
3678,3.4
3679,4.6
3680,3.8
3700,3.7
3708,3.2
3729,4.3
3733,3.7
71,2.4
4475,4.0
5700,0.8
6996,2.2
8093,2.8
5628,3.4
65682,3.1
84844,4.1
129354,3.5
458,3.8
1187,3.5
1392,3.4
1480,3.6
1727,3.0
1801,2.8
1846,4.5
3127,2.8
3271,3.4
3584,3.6
3682,2.7
3946,2.3
4203,2.1
4218,4.0
4234,3.2
4407,4.5
4479,4.0
4572,3.0
4673,2.8
4837,2.2
5003,3.0
5180,3.0
5302,3.5
5447,3.2
6104,4.0
6125,4.0
6344,3.5
6898,4.0
6997,3.0
7005,1.5
7017,3.0
7149,3.2
7193,3.5
7272,2.5
7836,3.6
1992,2.0
5422,4.5
7773,5.0
39408,0.5
39416,5.0
44731,4.0
51086,3.1
54281,4.1
59306,4.0
132,2.9
257,3.6
378,3.2
489,2.6
542,2.7
932,3.6
1460,3.3
1593,2.8
1658,3.4
1688,3.7
1804,3.0
1863,2.2
2330,4.7
2558,2.8
2563,4.7
3270,3.7
3835,2.8
4130,2.7
4219,3.5
4221,3.0
4304,4.3
4357,3.9
4545,3.1
4600,4.0
4677,2.8
4757,2.4
5255,2.4
5438,2.8
5505,3.6
5829,3.0
6183,3.5
6375,4.8
6480,3.6
6638,3.1
6744,3.2
6850,3.2
6974,4.1
7101,3.0
7255,2.4
8709,3.0
2719,2.2
43396,3.6
47148,4.5
50685,3.5
89804,3.9
1683,3.8
2349,3.8
2613,3.6
3200,4.3
3615,3.0
3725,3.1
3732,3.3
3738,3.6
3760,3.5
3769,3.2
3789,4.4
3806,2.7
3810,2.5
3816,3.7
443,2.7
870,1.7
881,3.0
943,4.0
1063,4.3
1112,3.7
1317,4.0
1379,2.8
1429,3.7
1518,3.2
1564,4.5
1606,2.2
1613,3.0
1646,2.6
1678,3.7
1702,2.9
1713,2.5
1824,3.0
1833,2.7
1848,2.7
1852,3.0
1866,3.6
1885,3.7
1894,2.9
2053,2.4
2071,3.8
2101,2.5
2104,3.7
2306,2.8
2337,3.6
2365,2.8
2373,2.6
2375,2.7
2425,3.6
2440,4.0
2498,2.3
2587,2.6
2590,3.5
2660,4.5
2828,2.5
3099,2.6
3194,3.7
3330,3.9
3379,3.4
3388,2.4
3414,4.0
3457,3.8
3490,3.0
3563,1.5
3654,4.0
3889,1.5
3895,1.2
3926,3.0
3928,3.4
3929,3.9
4106,3.0
4139,2.0
4179,4.3
4186,3.6
4195,4.0
2416,2.7
4220,3.7
7616,3.8
1976,2.2
3857,2.1
4492,2.6
4493,4.0
37475,4.0
66659,0.5
217,2.7
313,2.7
516,2.9
558,2.7
1064,3.0
1487,3.2
1667,2.8
2017,3.1
2162,2.7
2316,2.8
2385,2.2
2540,3.1
2620,4.3
2906,2.7
3299,2.2
3400,2.0
3553,4.0
3594,3.8
3743,3.5
3824,2.3
3953,2.3
3978,3.0
4155,3.0
4699,3.5
4745,1.5
4756,1.8
4814,3.3
4821,4.3
4867,3.7
4977,3.3
5108,3.9
5164,4.0
5312,3.4
5387,3.3
5415,3.4
5612,4.0
5677,3.0
3616,2.5
3691,2.5
2151,3.7
2745,3.9
5016,2.2
6768,3.8
6782,4.0
6791,3.8
7247,3.4
8169,3.1
8580,4.3
8879,4.0
40959,1.8
3991,1.8
4031,2.4
1111,3.9
2843,4.7
3456,4.5
4964,4.5
6211,4.2
6571,4.0
7349,4.5
8012,4.4
27178,2.8
27255,2.5
27727,4.0
39768,4.5
41527,4.7
42935,4.0
53189,4.0
55555,5.0
56274,4.0
57243,4.3
57792,3.5
67267,3.6
74486,3.8
6724,3.9
40870,3.5
43376,3.7
63853,3.1
72395,2.9
73290,4.5
80969,3.5
85612,3.5
86880,2.6
102792,1.0
106441,4.2
107559,5.0
116939,0.5
2492,3.1
2504,3.5
4427,4.3
4833,4.0
27751,3.5
53953,3.6
62049,4.5
68135,3.7
74324,4.2
97757,2.0
27,3.1
102,2.6
754,3.7
1099,3.5
6535,2.2
6663,3.7
6794,2.2
34332,3.5
1537,4.0
77658,4.4
89904,3.8
4290,3.0
4394,2.3
4532,1.5
5360,2.5
97895,3.5
103801,2.5
106540,4.0
2262,2.7
4686,1.8
4784,2.4
4834,2.5
39414,4.3
59945,3.0
66915,3.0
71102,4.0
71460,1.0
1665,3.2
5944,3.0
6170,3.4
6195,4.0
6269,4.1
6561,3.9
4755,5.0
7316,2.7
7380,4.0
56152,3.7
61071,3.8
65193,4.0
86377,4.5
90061,5.0
92535,4.5
100034,4.0
103539,3.8
104069,4.3
117444,3.8
544,2.6
809,2.8
829,1.0
1005,2.5
1668,1.8
1746,2.5
2567,3.0
3452,3.1
3466,3.4
3509,3.3
3975,2.6
4153,2.8
4229,3.2
4265,0.8
4616,3.9
4866,2.8
5081,3.2
5093,2.2
6250,2.3
6265,3.0
6764,3.2
7381,2.7
7439,2.8
7570,3.5
8010,3.5
8614,2.6
8968,2.3
27338,3.0
6300,2.0
8117,2.8
47491,3.2
760,3.3
1498,3.0
2562,5.0
5099,3.7
5605,4.0
5841,2.0
2401,3.6
1572,4.2
2363,3.9
2810,3.8
30745,3.7
31364,2.2
32078,3.0
32840,4.5
42632,3.2
47937,3.0
55684,3.0
58376,3.5
59814,4.5
61160,2.7
71304,2.2
73808,4.5
76091,4.0
80350,0.5
81417,3.5
82242,4.0
85179,4.0
86320,4.0
86345,4.2
86892,3.0
2643,2.2
4327,3.8
6786,3.8
490,3.4
2736,3.8
3430,2.6
3690,2.0
66544,3.0
74688,2.0
82202,2.4
91077,3.8
92751,4.0
104337,4.0
104925,3.7
26974,4.2
470,2.0
834,3.0
1430,2.5
1447,2.8
1490,0.8
1532,2.5
1632,2.5
1661,3.1
1739,0.8
1886,1.5
2449,2.0
2799,1.8
2845,0.5
2979,2.0
3046,2.7
3437,5.0
3774,2.2
3914,3.3
3973,2.9
4217,3.7
4630,3.0
4732,2.7
4749,1.8
4750,1.5
4765,3.5
4875,1.0
4968,2.8
5053,3.2
5095,3.7
5323,1.6
5443,2.0
5448,2.5
5501,3.0
5531,2.5
5556,1.0
5562,2.0
5569,3.0
5597,2.5
5609,2.3
5615,1.5
5625,2.3
5765,5.0
5880,0.8
5883,2.0
5901,2.5
6057,1.8
6063,4.2
6204,2.5
6284,0.5
6587,1.0
6827,2.5
6872,0.5
6909,3.8
7189,1.5
7315,2.0
7343,1.5
7899,3.2
8130,3.0
8225,3.6
8534,2.5
8667,2.8
8720,2.5
8832,1.5
8835,1.5
8836,2.3
8839,2.5
8860,2.5
8864,3.5
8870,3.1
8908,3.2
8911,2.5
8937,4.4
9010,5.0
9018,3.7
27869,3.0
31445,2.0
31724,1.0
3404,3.1
6596,2.9
6686,2.2
259,3.7
358,2.4
384,3.2
391,3.0
505,2.7
569,2.5
639,3.2
274,2.7
8643,3.5
8808,3.1
8982,3.5
26198,3.0
36525,3.1
42732,3.2
54736,4.0
61729,3.2
64249,3.2
1003,3.0
1542,3.8
199,3.3
2077,3.3
2084,2.9
4459,5.0
5460,3.9
5839,4.0
5840,4.0
6006,1.0
3054,2.6
3997,1.9
27689,1.0
27815,3.6
30816,3.8
36401,2.5
40597,2.0
43419,2.0
44849,3.5
45880,2.8
52579,3.5
54999,3.9
59333,3.0
60397,3.3
63276,3.8
66317,3.5
66808,1.0
69275,2.2
70183,3.6
72737,2.9
73319,3.0
77201,2.0
80864,3.2
82167,2.8
82463,3.5
86835,2.0
89102,2.0
89761,3.5
90405,3.4
93805,3.5
94480,1.0
99320,2.0
66,2.0
200,4.0
240,3.4
422,3.7
512,3.5
600,4.0
691,3.4
798,3.4
861,3.5
882,2.7
1055,2.0
1647,2.7
1750,2.0
7158,3.3
7386,4.0
700,3.1
13,3.9
146,4.3
195,3.2
201,4.0
243,4.0
270,3.2
271,3.5
343,3.0
687,3.0
835,3.2
3646,1.9
418,3.0
2128,3.0
4366,3.3
4655,3.0
7002,4.5
705,2.8
4389,3.5
5379,4.2
6040,1.7
6187,4.3
6207,4.0
6493,3.2
6930,3.5
7541,3.2
7624,4.0
8129,1.8
8857,3.0
26116,3.0
26133,3.4
26422,5.0
27674,3.8
31114,4.0
33669,3.8
34164,4.2
34532,3.6
40826,2.9
43177,1.0
44709,3.8
49280,5.0
51174,4.0
54004,2.7
56169,3.8
59418,3.8
61075,3.0
61401,3.0
62437,3.8
63479,3.5
867,3.0
1024,3.2
1623,2.3
2147,1.8
2392,1.8
2676,2.8
2771,2.0
2772,3.0
2882,2.2
3001,2.0
3177,3.2
3238,2.0
3326,2.3
3765,2.0
3766,3.3
3771,3.2
3807,3.2
2310,4.0
2434,3.8
2607,3.7
2629,3.5
2630,3.5
2975,4.0
3117,3.5
957,4.0
722,4.0
944,3.0
960,2.5
1583,1.5
1938,4.0
2182,4.0
2476,2.7
2870,3.4
2946,3.5
2988,4.0
3076,2.8
3122,3.0
3135,3.9
3341,3.8
3364,3.9
3427,1.5
3432,1.0
3516,3.1
3705,2.7
3754,2.2
2889,3.7
3115,3.7
3118,3.5
3501,3.9
3572,1.5
3579,2.3
3620,3.0
3669,2.7
3689,2.0
295,3.0
3470,4.4
5876,4.0
1165,1.5
2913,3.0
3576,4.0
4735,2.0
4887,3.0
5046,3.5
6826,1.0
7048,4.0
7282,0.5
8403,2.0
8654,2.0
8790,3.0
26554,4.2
27005,3.5
27410,4.0
27728,4.3
27922,4.0
32825,4.2
33558,3.0
42197,3.2
51357,4.0
52606,3.5
53207,3.2
53956,3.6
54771,3.0
55363,3.3
56788,3.9
58432,3.0
59590,2.0
59810,4.0
60943,3.7
62792,3.5
63436,3.3
63481,2.0
65133,3.8
66509,2.5
67867,2.0
68194,3.8
68205,2.8
68932,2.0
69278,2.8
71156,3.6
72129,3.2
73211,3.8
73929,2.4
74452,2.8
74532,2.7
74685,3.2
75985,3.0
76210,3.5
78034,3.3
78160,4.0
78218,3.5
78544,4.0
79006,4.0
79134,3.0
79796,3.5
80363,3.1
81535,2.8
83506,4.0
84395,2.5
84601,3.5
84615,3.0
85020,3.5
85022,2.7
85025,2.8
85131,2.3
86290,3.5
88405,3.1
88785,2.7
89753,3.5
90345,3.5
103235,3.9
112112,2.0
6889,2.4
7155,3.2
8369,3.3
8604,2.5
26686,3.5
26999,2.0
27193,2.0
27482,1.0
33499,2.2
33836,2.2
36289,2.0
42015,2.8
45732,2.2
57353,4.2
58103,3.2
74946,3.4
78637,2.8
87975,3.0
91978,4.5
136592,1.5
416,3.2
8666,2.1
8827,4.4
27882,5.0
1998,3.5
3401,2.0
3768,3.0
4317,2.8
4466,5.0
4566,3.5
4589,4.0
4767,3.0
4945,5.0
5141,3.0
5910,1.0
48872,3.3
4531,1.2
8751,4.5
8754,4.0
8838,3.6
8899,4.0
27839,1.5
32296,2.2
39715,3.4
40339,2.3
43928,2.1
45501,2.1
45730,2.2
51412,3.5
53993,1.6
55282,3.1
62081,3.4
98491,4.8
114552,4.5
117851,1.5
130073,3.0
133419,2.9
779,2.6
26564,2.2
45969,3.5
51372,1.8
59834,0.5
70121,0.5
71876,0.5
4770,3.0
37240,3.8
1993,2.0
627,3.3
630,3.5
685,3.1
781,3.8
848,3.5
991,3.5
3891,1.0
3936,3.0
4207,2.0
4212,3.3
5047,2.0
5134,3.5
5357,3.5
5389,3.2
5421,3.5
5479,3.1
5611,3.3
5941,2.0
5947,3.8
5994,3.5
7009,3.0
7150,2.3
7179,4.0
7303,3.5
7579,2.8
7669,4.4
7714,3.8
7753,3.5
8530,3.9
8661,3.2
8833,3.9
8935,1.0
8943,3.5
8998,3.5
25788,3.5
26680,3.5
26870,1.5
31193,4.0
31694,2.2
32174,2.0
33621,3.5
39234,4.0
39435,3.1
40148,4.5
43908,3.5
43930,3.5
44193,2.8
47254,3.8
47382,3.2
49772,3.5
49822,3.2
49957,4.5
51077,2.3
51834,3.2
52975,3.8
54775,3.5
55110,3.8
55267,3.6
55872,3.0
56715,4.0
57326,2.5
58105,2.8
58154,3.8
59103,2.7
59501,3.2
60471,2.5
62113,3.2
70599,2.5
72407,2.0
72605,3.0
72696,1.5
74508,4.0
76054,3.5
2807,2.5
2835,3.0
4506,3.4
4676,2.8
4876,1.1
6958,2.5
6959,4.0
8607,3.8
8814,1.0
26375,2.5
27837,3.0
32017,3.0
32029,3.4
33681,1.5
34534,2.5
37380,2.2
40851,2.9
42721,1.0
43560,3.8
45062,2.2
46062,3.5
47384,2.5
47952,3.0
49274,2.2
50162,3.0
50802,3.2
51575,1.5
51698,3.0
51925,2.8
52456,3.5
52712,3.0
52950,4.0
53466,2.5
54276,3.7
55259,2.5
55999,3.2
56176,1.8
56915,2.5
57401,3.8
57526,2.5
57951,3.0
58972,2.5
59421,2.8
59594,2.7
60514,2.8
60516,2.5
60937,2.3
61350,2.2
61705,1.5
62376,3.8
62733,1.5
64030,2.0
64116,1.0
64497,2.5
65552,3.5
65567,2.5
65577,1.5
65585,2.1
65685,3.0
66171,3.0
68848,3.5
69253,3.0
69606,3.1
69805,3.2
69951,3.4
70282,3.5
70305,2.5
71252,2.2
71254,2.9
71318,2.5
71530,3.1
72165,3.0
72701,2.8
72919,2.5
73015,2.4
73042,2.2
74154,3.5
74530,3.5
74580,3.2
74698,2.0
75805,2.1
78105,2.8
78264,2.0
78893,1.5
79139,4.0
79224,2.2
80615,2.0
81512,3.0
81784,2.7
82095,1.4
83480,3.0
85056,2.7
85261,2.5
86059,1.0
87876,1.5
88380,3.5
88879,2.5
89087,2.3
91660,1.5
91974,2.7
92264,2.0
92681,2.5
95207,1.8
96417,2.5
96590,2.5
97742,2.0
98296,2.0
100163,2.2
100487,2.2
100498,1.9
101025,2.5
103339,2.0
103655,1.2
104074,3.0
104243,2.9
104312,3.0
106642,3.8
108979,4.3
109864,2.8
114795,3.5
118997,2.6
130520,4.0
1525,1.5
2735,2.7
2984,5.0
8830,2.2
6628,3.0
7027,3.9
8008,3.3
30822,3.7
414,2.5
1839,2.2
824,3.0
1056,4.0
1601,3.5
1643,4.0
1795,4.0
1844,4.0
2482,3.2
2487,3.0
2569,4.0
2696,3.6
2704,3.7
2893,4.0
3045,3.0
3192,4.0
3240,2.5
3539,4.2
3721,1.8
3795,4.5
3919,2.7
4166,3.2
4740,2.0
901,3.9
935,4.1
938,3.8
946,4.3
956,3.2
1936,4.0
1940,4.1
1942,4.3
2201,4.5
2612,3.8
2927,4.5
3199,3.7
3540,3.0
3567,2.0
3580,5.0
3656,5.0
3657,4.5
3714,3.0
3716,3.5
3723,3.9
113,3.2
731,2.8
103,4.0
347,3.9
698,3.0
4994,3.6
37853,3.2
50804,2.2
56156,2.5
65465,3.0
2328,3.5
2339,3.0
2354,2.5
2386,3.0
48560,3.8
111529,3.8
473,1.0
715,2.7
888,3.7
936,3.7
961,5.0
970,3.5
984,4.5
1066,4.4
1162,3.6
1401,3.5
1419,3.6
1455,5.0
1703,2.6
1925,4.2
2173,3.5
2238,3.3
2241,2.8
2285,3.3
2370,3.3
2399,2.2
2615,3.3
2732,3.8
2899,3.7
2904,3.0
2938,4.7
3028,2.8
3069,4.0
3090,3.2
3091,4.1
3142,3.6
3143,4.0
3165,5.0
3235,3.0
3260,3.8
3284,3.5
3313,3.5
3347,4.1
3368,4.4
3392,2.4
3425,3.0
3447,5.0
3492,4.0
3520,2.7
6460,4.0
1432,3.4
6780,4.2
7075,4.5
7826,4.0
45928,3.5
56885,3.0
3502,4.2
4563,2.8
4880,3.8
2177,4.2
2200,4.0
2940,3.7
3097,3.7
3306,4.4
3632,4.0
3872,4.3
4273,4.3
4420,3.1
4768,2.8
5009,3.1
5333,4.0
5440,4.5
5498,4.8
5613,3.2
6126,4.0
6609,3.2
6721,3.8
6920,4.5
7209,3.7
7210,3.8
7211,4.5
7215,4.0
7577,2.2
7926,4.5
7943,4.1
8188,4.3
8584,3.8
8670,4.5
25952,4.2
33145,3.5
67788,3.0
90576,4.2
95309,3.7
105246,4.2
109483,3.0
148956,4.0
387,3.7
433,2.9
476,4.0
486,2.5
656,3.0
725,2.4
1431,2.7
1468,2.3
1495,1.0
2040,3.3
2266,2.7
2331,3.8
2473,2.1
2552,2.5
2597,2.0
2774,4.3
2796,2.6
3715,3.0
4089,3.0
4115,3.0
4180,4.0
4293,2.5
4355,2.5
2187,4.0
2935,4.2
6412,3.8
6877,4.0
7061,3.8
7078,3.5
7121,3.8
7437,3.0
7493,3.8
554,3.0
695,4.0
1404,2.8
1425,2.9
2272,3.7
2415,4.0
2570,3.5
3106,3.7
3109,4.0
3110,3.7
3214,4.0
3259,3.1
3694,2.3
4356,3.9
5433,2.8
6243,3.0
6808,2.4
7809,3.5
8253,3.5
8589,4.2
8596,3.7
219,4.2
1008,3.5
1684,3.4
3183,3.5
4371,2.0
6474,2.0
1881,4.0
487,3.5
533,3.3
692,2.0
833,2.6
1453,2.4
1744,2.5
2050,2.8
2372,2.5
2458,3.0
2714,2.3
3444,2.9
4338,4.8
4339,3.6
4353,4.0
4473,4.0
4802,4.1
4842,4.0
4923,4.0
4990,3.3
5107,3.5
59725,3.4
65230,2.8
150548,4.2
72356,4.8
95654,3.5
37739,3.5
184,4.5
846,4.0
2497,1.8
2897,5.0
5076,3.5
5092,3.0
6252,1.9
8254,5.0
31956,2.5
38798,3.1
50954,3.8
55253,4.2
55274,4.5
5300,4.0
6713,3.8
7919,4.5
8484,3.5
25771,3.4
26082,4.5
26840,3.5
26903,3.8
30803,3.8
64695,3.0
101962,5.0
2652,4.5
4224,2.2
2488,3.8
2557,3.2
2783,3.0
2853,3.5
2964,3.1
3075,3.5
3205,3.0
3216,5.0
3294,2.5
3344,3.5
3621,3.5
3658,3.0
3777,2.2
3847,3.0
3875,2.5
4368,2.0
4390,3.0
4403,3.0
4417,2.5
4752,3.8
4754,4.0
4893,3.0
4996,2.5
5034,3.5
5153,3.0
5588,2.5
5600,2.5
5715,2.5
5778,2.5
5891,3.0
5980,3.5
6000,3.0
6256,3.5
6257,1.5
6290,2.8
6367,2.9
6395,2.7
6748,3.0
6940,4.0
7024,4.0
7029,3.0
7065,3.0
7110,3.0
7492,3.0
7650,3.0
7882,2.5
7920,3.5
8194,2.8
8848,2.0
25774,3.0
25807,3.0
26003,3.5
26125,3.5
26171,3.8
26176,3.0
26231,3.8
26241,4.0
26303,2.5
26320,2.5
26631,3.0
26693,3.2
27329,4.0
27648,1.5
27784,2.0
27798,1.0
30783,3.0
31270,3.5
31502,2.5
32211,3.5
32686,3.0
32728,3.0
32898,4.3
33592,2.5
33817,2.2
33896,2.5
40412,4.8
40833,2.5
45662,1.0
48231,3.5
48972,1.0
51207,2.5
51304,0.5
52666,3.4
53435,3.2
55652,3.0
57910,2.5
58964,3.0
59727,3.2
60333,4.2
64153,1.0
66310,2.0
69134,3.6
69720,1.5
71518,3.2
71700,1.5
74370,3.0
76030,2.8
76303,3.0
80736,1.5
80844,1.0
81138,2.5
87205,1.5
88272,2.0
89118,2.5
90357,4.0
91488,2.5
92206,2.0
92494,5.0
92496,2.5
92498,2.5
96490,2.0
96563,3.5
96634,1.0
96815,3.0
97593,3.5
98083,2.5
99296,2.0
99470,1.5
99669,2.5
99912,2.5
100306,2.5
104457,3.5
104662,1.5
105763,3.0
106870,3.0
107057,3.0
107771,3.5
108192,4.0
108447,1.5
108506,2.5
110748,2.5
111486,2.0
112277,1.5
112655,2.5
112689,2.5
113565,3.0
113640,2.5
113780,3.0
114044,2.5
114766,2.0
116503,1.5
117121,3.0
117434,1.5
118260,2.5
118334,2.0
118880,4.0
121113,1.0
130448,0.5
131451,1.0
132146,3.0
133824,2.0
136602,2.0
140523,2.5
141956,1.0
151639,2.5
152173,3.0
3207,3.0
4535,3.8
4972,3.2
6428,2.7
6450,2.8
7376,2.3
8337,3.7
26394,3.0
499,3.0
1191,3.6
4593,2.0
1633,3.4
2847,3.7
2969,3.7
2972,2.5
3171,4.2
37384,3.4
906,3.7
1934,4.2
2654,4.2
4184,3.8
7073,3.8
7706,3.6
8167,2.2
8492,3.8
25750,4.3
27373,3.5
31156,3.0
65135,3.2
83374,2.5
85316,4.0
85367,2.7
85397,1.5
86014,3.0
86293,2.8
86852,3.0
87529,1.3
88267,3.2
89300,3.5
48501,4.5
68659,3.4
73266,3.6
80241,3.0
81132,4.0
95307,2.6
101285,3.2
108548,3.0
111113,3.1
114707,3.5
115680,3.5
117871,3.0
135532,2.5
139620,4.0
147006,3.0
147010,4.0
147426,3.5
148168,4.0
149572,3.0
105593,4.0
107083,4.5
107516,3.5
114028,4.3
116660,4.0
59273,5.0
60128,4.0
74152,4.5
79318,4.0
93324,5.0
95135,4.0
97057,5.0
104283,4.5
133195,2.0
136016,4.5
136598,2.5
141688,2.5
146309,4.0
80,4.6
401,4.0
615,3.5
759,5.0
4117,3.6
4178,3.9
5899,4.0
6986,4.1
7062,3.5
7086,3.0
7087,5.0
7091,4.1
7840,3.8
7944,4.0
8989,3.5
4095,4.5
1087,3.8
3746,5.0
4151,4.5
4384,4.2
5607,4.5
6869,4.1
7177,4.0
7456,4.5
7459,4.8
8951,4.0
27783,4.0
32170,1.5
34198,3.0
1445,2.0
1581,2.0
1626,1.7
2325,3.6
3442,2.5
3463,1.0
3695,2.5
3758,3.5
577,2.0
1592,2.8
2525,2.7
4045,2.0
2051,3.8
3287,3.4
3674,3.2
4795,3.5
5480,3.1
6163,5.0
7374,4.0
9001,4.0
26528,3.1
42191,4.5
59392,5.0
60674,5.0
67295,4.5
74282,4.2
77435,5.0
82173,2.5
88345,4.0
93061,4.5
93265,4.5
95313,5.0
95377,5.0
105468,4.0
106011,4.5
117192,4.8
117895,3.2
142997,3.5
152017,5.0
161944,5.0
941,3.9
7757,4.1
8158,3.5
8341,4.5
3078,3.8
4587,2.6
6765,3.3
31433,4.2
4143,1.7
4584,5.0
5069,3.8
619,2.1
907,4.1
1167,2.0
1363,3.4
1489,3.5
2031,3.2
2039,3.5
2045,3.4
2048,3.9
2057,3.8
2168,3.4
2206,3.7
2491,3.1
2500,2.2
2691,2.8
2874,4.5
2876,2.7
2886,2.2
2961,3.5
3166,4.0
3399,3.0
3599,3.8
3604,3.8
3611,3.0
3612,5.0
3673,3.5
3759,3.5
3775,3.0
3901,2.5
3921,2.5
3922,3.0
3924,3.0
3964,3.0
4024,3.4
4061,3.2
4068,3.2
4133,3.3
4141,3.8
4142,2.5
4169,4.5
4177,3.7
4188,3.8
4294,3.5
4387,2.7
4402,2.0
4508,3.3
4511,2.5
4663,4.0
4743,3.8
4774,3.2
4818,2.0
4912,3.5
5012,1.5
5021,3.4
5038,4.0
5048,2.3
5109,3.5
5168,4.0
5305,3.5
5337,3.7
5354,3.2
5361,3.5
5372,3.5
5375,3.8
5538,3.0
5539,3.0
5629,4.0
6060,2.8
6124,3.0
6182,4.0
6245,3.2
6260,3.2
6266,4.5
6355,3.8
6357,3.2
6358,3.8
6387,4.0
6390,3.8
6414,3.5
6423,3.8
6454,3.5
6533,3.6
6536,4.5
6568,2.8
6646,3.3
6665,3.5
6703,3.5
6723,3.5
6785,3.2
6970,3.5
6999,3.5
7000,2.9
7080,3.5
7082,4.0
7102,2.4
7122,3.8
7142,3.0
7151,3.8
7165,3.5
7186,3.5
7228,2.5
7294,2.2
7320,4.0
7362,3.4
7369,2.2
7375,4.3
7584,3.4
7614,3.6
7720,4.2
7790,4.0
7822,3.5
7888,3.5
7916,3.5
8015,3.5
8196,2.5
8263,3.5
8385,3.5
8460,3.8
8482,3.0
8502,3.5
8525,2.5
8574,2.2
8712,4.0
8796,3.2
8916,3.4
8986,4.0
8988,4.0
8999,4.0
9000,3.5
25937,2.8
25971,3.8
26386,3.8
31026,4.5
32381,4.0
33639,3.8
44613,3.5
45028,3.2
1324,1.0
7449,2.8
8884,4.0
32302,2.0
6216,3.7
7843,3.5
8275,2.7
78321,1.0
31660,4.0
32460,5.0
62115,5.0
74727,5.0
98615,5.0
102666,5.0
107412,5.0
118468,5.0
121126,5.0
127052,5.0
136449,5.0
158956,4.0
488,3.1
1137,4.0
1652,4.0
2864,2.8
3221,4.0
3459,4.0
4500,4.5
4518,4.8
4612,4.8
4863,4.0
5275,3.2
5473,5.0
5780,3.6
6021,4.5
6114,3.5
6121,4.5
6132,3.5
6465,4.5
6730,3.5
7505,3.2
7764,3.0
7878,4.5
7889,4.5
8126,4.5
8189,4.0
8240,5.0
8800,4.0
8872,3.5
8892,4.0
8893,4.5
8923,4.2
8938,4.7
25744,4.5
26164,4.0
26494,3.8
26524,4.5
26655,4.5
26749,5.0
26809,4.5
27322,3.5
27792,5.0
31682,4.5
32515,5.0
32735,4.0
32797,4.5
33021,3.5
33138,4.5
39659,3.5
40226,5.0
42900,5.0
45521,3.5
46544,4.5
47465,3.5
49902,4.0
49932,3.2
50011,4.5
50912,3.6
51380,4.0
52831,4.0
54785,4.0
56079,1.0
56286,3.5
58520,4.5
59339,4.5
60384,5.0
62764,4.5
63836,5.0
67957,3.8
70994,3.5
71390,5.0
71494,4.0
72109,4.0
72880,4.0
73531,4.0
75349,2.5
75823,4.5
77291,5.0
79203,4.5
79686,4.5
80217,4.5
80553,5.0
82150,3.5
83829,4.5
87884,3.5
88106,3.5
92424,4.0
95113,5.0
95115,4.5
95752,4.5
31284,3.5
42351,4.0
65665,4.0
69849,4.5
84506,3.5
7300,4.0
30846,3.0
45172,4.5
58303,4.2
59731,4.5
67508,4.8
93040,4.7
2943,2.7
278,3.0
436,2.2
453,2.4
498,2.7
1184,4.0
1963,4.2
2171,3.9
2254,3.0
2257,3.5
2546,2.4
2618,3.5
2848,4.0
2884,1.0
3094,2.7
3384,4.2
3393,2.0
3436,2.6
3531,2.0
3846,3.0
4424,3.4
5768,3.5
7934,3.6
26513,2.5
27899,3.5
31923,4.0
83,3.0
155,3.1
408,3.0
603,3.0
937,3.8
962,3.0
964,2.5
972,2.5
992,2.5
1004,2.5
1026,2.5
1113,2.4
1397,3.0
1398,3.5
1417,2.0
1600,2.1
2079,3.5
4080,2.8
4277,4.0
4329,3.5
4360,3.0
4462,3.0
4478,3.6
4537,4.2
4585,3.8
4603,2.2
4704,3.5
5267,3.4
5420,2.7
5601,3.0
5644,2.8
5718,3.0
5836,4.0
6092,2.0
6225,3.0
6227,2.5
6231,3.5
6232,3.8
6239,3.0
6276,3.0
6314,2.2
6315,1.8
6356,3.5
6386,3.5
6424,1.2
6429,3.5
6431,3.0
6432,3.5
6446,3.5
6448,3.3
6458,3.0
6466,3.2
6468,2.5
6470,3.0
6477,3.3
6484,3.5
6498,2.0
6521,2.5
6522,3.0
6525,2.8
6527,3.5
6562,3.5
6585,2.0
6613,2.2
6630,4.0
6636,3.8
6658,2.4
6718,4.0
6735,3.2
6788,2.2
6797,2.2
6810,2.3
6813,2.2
6822,3.0
6829,4.0
6832,3.1
6852,4.1
6856,3.5
7059,3.5
7085,3.5
7107,3.3
7178,3.5
7198,3.0
7207,3.0
7250,2.0
7283,1.8
7305,2.5
7311,3.0
7357,3.8
7394,3.0
7702,3.5
7782,3.5
7787,4.5
7791,2.8
7980,3.4
8009,3.5
8039,3.2
8057,3.0
8183,4.1
8187,3.5
8190,3.0
8268,2.8
8451,3.5
8463,2.5
8487,2.8
8524,3.5
8535,3.5
8612,3.2
8616,3.5
8617,3.2
8618,3.7
8657,3.5
8672,3.5
8695,3.0
8718,2.5
8745,3.5
8772,3.8
8819,2.5
8820,2.5
8821,2.5
8850,2.5
8880,3.4
8920,3.5
8921,2.5
8929,4.0
9004,3.5
9005,2.5
32139,4.0
45208,1.5
99,2.8
187,2.8
363,4.5
896,3.7
1123,4.0
1875,3.0
2499,3.5
6617,3.8
6927,3.2
8576,4.0
8831,2.5
8963,0.5
33437,3.8
45210,3.8
115210,3.8
127098,4.0
5788,1.0
5879,2.0
5958,2.0
6012,1.0
6013,1.4
6014,1.0
6154,1.0
129428,3.0
1133,3.0
26649,3.4
68099,4.5
149532,3.0
5085,3.2
7395,3.5
7697,3.5
301,5.0
389,4.0
1428,5.0
1575,5.0
5918,3.0
5985,3.0
50703,5.0
74787,3.0
89045,4.5
141668,5.0
6818,4.2
55417,3.0
4191,3.7
4539,3.0
1328,1.0
5888,4.5
74510,3.8
104441,3.5
104590,4.0
121618,3.0
5527,2.7
6883,4.5
36527,4.1
53,5.0
268,4.2
632,4.5
850,4.5
981,1.0
7366,2.2
8207,4.2
876,5.0
1755,3.0
2625,4.0
2780,4.2
2880,5.0
3627,4.3
3905,4.5
4440,3.7
4442,5.0
4565,5.0
4567,5.0
4687,1.0
4696,4.8
4717,5.0
4952,2.5
5243,4.0
5833,3.0
6095,2.8
6722,3.8
8795,2.5
26865,4.5
31804,3.5
1050,3.6
2438,4.0
1444,4.0
4534,3.8
5325,4.0
4003,3.0
32456,3.0
62336,4.2
85780,3.0
98604,4.0
103659,3.5
104419,4.5
115927,4.0
2516,0.8
4159,2.2
4721,2.5
4826,3.5
4895,2.5
5558,2.5
5672,0.5
5678,2.0
5815,1.0
5819,3.5
5874,1.8
6806,3.0
6880,2.7
6995,1.0
7108,1.5
7257,2.2
7789,2.0
7894,4.0
26555,3.2
31162,2.5
31420,3.5
32019,2.2
34271,2.8
34523,2.2
36397,1.5
37477,2.5
40723,3.0
43904,2.5
47044,2.7
50923,3.0
56336,1.0
2550,4.2
5663,3.0
7586,4.0
32743,3.5
8133,1.5
710,1.5
1414,3.7
1526,2.2
1602,1.0
1629,3.4
1642,2.4
1837,2.0
1855,2.4
2095,2.2
2098,2.0
2261,3.8
2265,2.0
2472,3.2
2506,2.8
3042,2.3
3043,1.0
3497,3.0
3600,3.2
3622,4.0
1446,3.8
4296,2.8
5643,2.5
5684,2.0
2446,1.4
2486,3.0
2545,4.2
2626,4.5
2775,3.0
2894,2.0
2939,3.0
34321,3.3
109249,5.0
27251,3.5
55732,2.0
3819,3.7
4305,2.3
4626,5.0
4632,5.0
4664,3.6
4680,2.0
4705,3.8
4706,4.0
7093,0.5
8689,4.0
36509,2.5
37720,3.2
40614,3.2
41716,3.2
1756,3.5
4349,4.5
7379,4.0
55498,3.5
56633,4.5
91690,5.0
104303,3.0
105585,2.0
110352,4.5
115170,3.2
122888,5.0
138208,4.0
142448,3.5
1067,4.0
1922,3.7
2073,4.0
2246,2.0
2589,3.0
2733,2.3
4284,3.0
5324,4.0
5414,3.8
44225,3.2
49647,3.5
53974,2.8
6710,3.3
82931,3.5
86504,4.5
95873,3.8
96373,4.0
101741,4.0
104863,4.0
110645,4.5
112804,3.0
114265,3.5
129653,3.0
130580,3.5
134569,3.5
438,3.0
1604,3.0
2681,3.0
2809,1.5
2996,3.0
5523,1.8
5803,2.0
8871,3.5
8931,3.5
8946,2.5
26812,4.0
27912,4.0
33826,4.0
34129,2.0
34338,4.0
34536,4.0
38992,3.2
39398,3.0
40946,4.0
48319,2.8
49284,3.5
49396,3.5
51088,4.0
51091,4.0
55031,4.5
55116,4.0
58156,2.5
58297,2.5
58839,3.2
59037,2.5
61352,3.8
62155,3.3
70565,3.0
70597,2.5
71205,3.5
71668,2.0
71732,2.8
72308,4.0
72489,2.8
74668,3.0
75440,4.5
78467,1.8
78703,3.5
79299,2.5
80166,2.8
80727,3.2
80917,3.0
81516,4.0
81537,2.8
82534,3.0
83910,2.2
84154,4.0
84160,3.5
85213,4.0
87660,4.5
88672,3.7
89047,3.5
89072,3.5
90719,3.0
91094,3.7
91483,2.0
91622,2.5
92234,2.5
92694,3.5
93498,4.0
94799,4.0
94953,2.0
95720,2.5
98369,3.0
99437,3.0
100450,3.5
101612,2.2
102819,3.7
111743,2.8
131724,4.5
135518,2.8
135861,4.0
697,3.3
2197,3.0
2364,2.8
2448,2.0
4569,1.0
988,3.8
2036,2.5
5102,4.0
6706,2.0
8575,2.0
8866,2.8
32289,5.0
34336,3.0
39307,3.2
41573,5.0
42958,3.5
43917,3.0
45221,2.0
46919,4.0
46967,2.8
48791,5.0
51884,3.0
58889,3.0
59258,3.5
61123,3.0
68269,4.2
68838,4.2
78101,2.0
78316,3.5
79824,4.0
80551,2.5
80839,5.0
82169,3.6
89194,3.0
91886,4.0
990,2.5
1497,2.8
4200,3.5
4660,4.0
5915,4.2
6249,2.0
6800,3.0
6835,4.0
6868,3.8
7448,0.5
7767,4.2
8799,2.5
27851,3.5
30848,2.5
33688,1.0
34520,2.5
36533,2.5
37382,3.2
39444,3.2
43932,2.0
48142,3.0
48518,3.0
48596,3.0
49314,3.5
50147,2.0
50189,3.0
50442,2.0
52460,2.0
52644,2.8
52717,3.5
53999,2.5
54787,4.0
55261,2.2
55272,4.0
939,4.0
1926,2.0
1933,5.0
2212,4.0
2936,4.2
2981,5.0
3096,3.9
3217,4.0
3423,4.0
3446,3.0
3496,3.5
3522,2.0
3737,5.0
3792,4.3
5866,5.0
49,4.0
467,3.3
787,4.5
1699,3.7
2169,2.8
2250,3.2
2271,3.6
2280,3.5
2314,3.5
2494,4.0
2610,3.5
2885,3.5
2930,4.0
3241,3.5
3902,4.5
4035,4.0
4391,4.0
4737,2.8
4783,4.7
4965,3.9
5315,3.0
5417,3.0
5425,2.0
5808,2.0
6159,1.5
6215,3.8
6337,3.8
6384,3.5
6612,4.1
6760,3.5
7025,4.0
8527,3.0
32298,3.5
47629,3.4
49824,3.2
49961,3.5
54,3.7
813,2.7
1410,2.8
1463,4.5
96,1.0
1180,3.7
1190,2.1
1596,2.3
58107,1.0
5820,3.8
5917,1.5
4350,1.0
5637,1.5
5752,2.8
5850,0.5
6077,4.5
6600,1.0
6644,0.5
7058,3.0
7762,3.0
7833,3.8
8491,3.5
8711,3.8
8777,0.5
8964,1.5
25737,0.5
25826,0.5
25874,1.8
25901,0.5
26009,0.5
26188,0.5
26268,4.0
26342,3.5
26366,2.2
26425,3.5
27351,1.0
27857,0.5
27879,2.3
31921,4.0
32280,2.0
32464,3.0
32844,0.5
33760,3.5
42783,1.5
53038,0.5
53737,0.5
54910,0.5
60137,0.5
60990,0.5
66019,2.5
68884,0.5
69974,0.5
70846,2.0
74327,0.5
78122,0.5
84312,1.0
241,3.5
70344,3.5
3934,4.0
33830,2.5
40581,4.2
48520,4.0
69069,3.7
70663,3.5
92509,4.0
94325,4.0
99813,4.0
100527,4.0
102720,3.0
112006,2.0
112767,4.0
112897,3.5
115147,4.0
115664,4.5
119155,3.2
128512,3.5
130087,3.5
135137,2.5
144620,4.0
148652,2.5
1349,4.5
4885,2.2
2207,4.0
2621,3.4
3822,1.8
4806,3.8
4861,4.5
4933,3.0
4947,3.2
4957,4.0
5097,3.8
5383,4.0
5603,4.2
5622,4.5
5651,3.0
5796,3.2
5799,4.2
5801,4.2
5873,3.5
6032,4.2
6078,3.2
6166,4.0
6178,3.5
6219,2.8
6261,4.0
6405,4.5
6426,4.0
6447,4.5
6461,4.4
6518,3.0
7774,3.5
7832,4.0
7834,3.7
7835,3.8
8542,4.0
8610,3.4
8675,5.0
5475,4.5
8933,4.7
41336,4.0
49394,3.5
78903,5.0
98126,5.0
103444,4.5
388,3.7
1504,4.5
1730,3.9
1870,4.0
2029,4.2
2304,4.2
2388,4.0
2837,5.0
3158,3.5
3161,3.0
3790,4.0
3903,3.3
5632,4.0
6062,3.8
6268,3.0
309,5.0
1051,3.0
1919,4.0
264,4.5
1043,2.4
439,1.0
1507,3.0
4181,4.0
4527,3.0
4550,2.0
4559,1.0
4578,2.0
5646,3.5
5834,3.0
5969,2.0
511,3.0
5428,3.0
7152,4.0
8730,4.5
30883,2.0
4347,3.5
31427,4.5
31903,5.0
33085,2.0
5826,4.0
7924,4.5
8142,4.0
25777,3.7
27397,4.0
27592,5.0
48817,3.5
62378,3.0
72781,4.5
77907,4.5
79136,4.5
91947,3.5
94024,4.5
94939,4.5
97744,4.5
99795,4.5
6990,4.0
30894,2.0
33587,3.0
48159,3.0
54270,1.5
57223,0.5
58306,3.2
61167,4.5
64032,1.5
65601,2.5
71490,2.5
71573,1.5
72043,2.5
72405,2.2
72479,3.5
72762,2.5
73106,2.2
73168,2.5
74115,2.0
74156,2.0
74868,3.0
75341,2.2
85572,2.5
1794,3.8
2165,3.9
2839,4.0
3188,3.5
3289,4.0
4236,3.5
4237,3.5
4252,5.0
4375,4.0
4722,4.3
4766,4.0
4897,3.0
5685,3.5
5875,2.0
6244,4.2
6329,2.0
6592,2.7
6772,2.5
6935,3.8
6945,3.7
7932,5.0
8813,3.0
8979,4.2
26599,5.0
30898,3.3
31689,4.5
32025,4.0
33838,3.5
47950,2.8
49132,4.0
51418,1.0
55069,4.4
58191,4.2
61236,4.2
61357,4.2
68347,4.5
69458,3.5
72386,3.8
91673,5.0
103137,3.0
113275,3.5
115174,3.5
4822,5.0
51127,4.5
8915,2.0
1757,3.5
5828,5.0
6864,3.8
7818,2.5
26509,4.5
26915,4.5
42013,1.8
44840,3.5
45442,3.5
48522,0.5
7079,3.5
7572,3.5
30850,4.5
679,4.0
816,3.0
893,4.7
1609,3.0
755,2.0
1669,4.0
2573,5.0
2776,3.0
106766,3.8
3848,4.0
3900,3.0
4043,3.5
4046,4.0
4048,3.0
4529,2.5
4544,2.0
4849,3.0
5675,3.0
59,4.0
1759,4.5
4969,3.6
5083,4.0
5365,3.5
6005,4.2
6122,4.5
27873,3.5
43869,4.0
46347,4.5
48741,3.7
64114,4.5
4000,3.0
3202,5.0
5056,4.0
5121,4.5
64660,5.0
79469,5.0
80717,5.0
99030,5.0
107447,5.0
107649,5.0
129313,5.0
141886,5.0
148372,5.0
153584,5.0
1865,3.2
2693,3.8
4067,1.7
119,3.0
375,3.7
460,2.5
536,2.2
726,3.0
1054,1.5
1169,4.0
1442,2.5
1605,2.8
1767,3.0
1896,3.0
2007,2.0
2237,2.0
2276,3.0
2419,3.0
2682,4.4
2752,4.0
2812,3.0
3103,3.0
3449,3.5
3784,3.0
3813,2.8
3951,3.5
4077,4.0
4109,2.0
4116,3.4
4136,2.0
4162,1.0
4171,4.0
4215,1.0
4216,3.8
4274,2.5
4279,3.0
4300,2.5
4644,3.5
4690,2.2
4703,3.5
4769,3.0
4810,4.0
4836,3.0
4851,4.0
4921,3.2
4925,2.0
5023,4.0
5051,3.2
5186,2.5
5238,4.8
5241,1.5
5246,1.5
5248,1.2
5341,4.2
5353,2.0
5398,4.2
5462,1.7
5619,3.5
5642,4.0
5667,3.2
5787,2.0
5832,0.8
5963,3.5
6335,1.5
6449,4.0
6639,4.2
6751,0.5
6770,4.2
6779,3.8
6840,3.5
6892,2.5
6896,3.5
6950,2.5
6963,4.0
7076,2.8
7095,2.5
7096,4.0
7217,3.8
7334,3.2
7450,2.0
7478,4.0
7619,3.8
7705,3.5
8147,3.5
8332,3.5
8362,2.5
8753,4.0
8987,3.5
25891,2.8
26085,3.0
26178,3.7
31035,3.2
31700,2.5
32369,3.5
106471,5.0
106473,3.5
106762,4.0
107081,4.5
390,4.1
886,1.5
5002,2.8
7012,2.0
7026,2.0
26726,2.5
32914,3.0
56805,3.8
69784,2.4
78039,3.8
82035,2.5
88954,1.5
95740,0.5
102684,4.0
102686,2.0
102905,3.0
103813,2.5
106236,3.0
106330,1.8
108727,4.2
110110,3.0
120392,2.5
126106,3.5
128520,2.0
133295,2.5
145307,2.5
145775,3.0
152025,2.5
1621,3.0
4792,2.8
5754,2.0
6476,3.0
6983,3.5
7171,3.0
8722,1.0
42728,3.0
42730,3.0
4543,3.0
5265,3.1
341,4.5
1236,3.8
2062,2.0
2154,2.7
620,3.2
963,3.0
1069,3.7
1076,3.8
2035,3.0
2210,4.0
2221,4.0
2727,3.5
3002,3.8
3136,3.0
3140,4.0
3232,4.0
3309,4.2
3314,2.5
3640,3.2
4405,4.5
4515,3.2
4998,3.0
5001,3.5
5059,4.5
5202,2.0
5288,4.0
5404,3.5
5434,3.5
5604,4.0
5914,4.2
5932,3.8
6148,3.0
6198,3.5
6400,3.2
6408,3.0
6513,3.0
6579,3.0
6739,2.5
7043,4.2
7074,4.5
7195,3.5
7196,3.0
7238,4.0
7309,4.0
7407,2.5
7897,3.0
7914,4.0
7939,3.0
7983,3.4
8235,4.0
8257,3.0
8267,3.5
8336,3.5
8423,3.0
8511,4.2
8609,4.5
8684,4.0
8700,3.0
8797,4.5
8840,2.5
8882,3.2
25752,4.0
25755,3.5
25764,4.5
25827,3.5
25839,3.5
25916,2.5
25993,2.5
26122,3.5
26302,3.5
26313,3.8
26391,2.0
26400,4.5
26414,3.5
26850,3.0
27334,3.5
27816,2.5
30723,4.0
30818,2.5
30892,3.5
31547,4.5
31549,4.0
31737,3.2
31770,3.0
32160,3.5
32371,3.5
32853,3.0
32882,2.8
33312,4.0
33380,3.5
34583,3.0
36553,3.0
37785,3.0
38304,4.2
41226,3.8
42163,4.2
42681,3.5
44587,4.0
44671,3.0
45837,2.8
46664,3.5
46850,3.7
46974,2.0
47152,4.2
47287,3.5
47714,3.0
48198,3.0
48301,4.0
49225,3.5
50259,4.0
51044,4.0
52241,3.5
52967,3.6
54419,3.0
54426,3.5
55063,4.2
55071,3.0
55687,3.0
57972,4.0
58879,3.8
59832,3.0
59846,3.5
62383,3.5
65638,4.0
67504,5.0
69241,2.5
69604,2.8
70488,3.5
70927,3.0
71525,3.0
71650,4.0
72176,3.0
72626,3.0
72647,4.5
73276,3.0
73572,3.0
77359,3.0
78517,3.0
78829,3.0
80572,2.5
80599,4.5
81910,3.0
82934,3.0
83096,3.5
83318,5.0
83322,4.0
83359,5.0
83361,3.5
83411,5.0
83603,3.5
72612,2.5
7051,4.0
25763,2.0
26265,3.5
2214,3.5
2514,2.1
3849,4.0
5830,3.5
8404,4.0
26007,4.5
26393,3.5
27075,2.8
39052,3.0
43391,3.0
44301,4.0
44317,2.0
66246,2.5
211,3.3
449,3.5
659,4.2
769,3.0
1310,4.5
1413,3.5
1796,2.0
1861,2.0
2554,3.3
2609,3.5
2627,5.0
2697,2.0
2824,3.0
3057,3.5
3133,4.0
3304,3.3
3718,3.0
3913,3.5
3947,5.0
4197,4.0
4562,3.0
4698,4.0
4711,5.0
5018,3.0
5022,4.0
5226,3.5
5256,2.0
5285,3.0
5825,4.0
5965,3.0
5993,3.0
6042,4.0
6185,2.0
6368,4.5
26172,4.0
32582,4.0
32632,4.0
45440,3.8
86548,4.2
90403,3.0
90890,1.5
1903,4.5
27423,4.0
33158,1.0
51939,2.0
58655,1.5
76175,1.7
77206,2.5
78088,3.5
89030,2.8
90524,2.0
92938,1.0
93766,1.0
96691,2.0
96863,1.5
102481,2.8
105755,1.3
108928,2.3
112911,2.8
118900,3.5
27867,4.0
33672,3.5
44511,4.0
50445,3.5
62644,3.2
65088,4.0
65216,5.0
74740,3.5
90888,2.8
702,5.0
3560,4.0
5179,3.0
5560,4.5
7071,3.2
26094,5.0
26574,4.0
31973,5.0
32444,3.2
42677,4.5
44717,3.0
49299,4.0
50842,4.0
56869,5.0
57038,5.0
59805,4.0
63179,4.5
64278,5.0
68872,4.0
71433,4.5
71755,5.0
72683,4.0
85394,4.5
86626,4.0
88682,4.0
89000,3.5
89356,3.5
90863,4.5
92163,4.0
96020,4.0
96832,5.0
97230,5.0
98963,5.0
100106,4.5
103210,3.5
108873,3.5
111235,3.5
112062,4.0
112070,4.0
129191,4.0
130980,4.5
131830,4.0
138696,5.0
138698,4.5
1337,2.8
1355,2.5
2633,3.7
2634,3.7
2635,4.0
2636,5.0
2637,4.0
2638,3.0
2647,5.0
2649,5.0
2650,5.0
2651,4.5
2653,2.0
2781,3.0
8823,3.0
7206,4.0
7947,4.0
144976,5.0
304,3.3
27186,4.5
2715,2.7
2758,4.0
77,4.0
559,5.0
573,1.0
681,3.0
690,4.0
721,4.0
793,4.0
820,5.0
854,4.0
1174,3.0
1365,3.6
1369,2.5
1406,3.2
1415,3.5
1654,3.5
1733,2.0
528,2.5
496,2.7
4748,1.5
62718,4.5
63239,2.5
63393,1.8
69945,2.5
2483,2.8
25911,3.0
43267,5.0
46559,4.0
59143,3.0
60649,1.0
71131,3.5
74624,3.5
77798,2.5
78729,2.2
80026,4.5
82037,3.0
1454,3.0
1878,3.0
2190,2.0
4798,3.5
6228,3.2
7050,3.5
7055,3.5
7216,3.2
50160,4.0
567,4.0
864,3.5
889,4.0
987,3.0
997,2.7
1145,3.0
1482,3.0
1501,3.0
1631,3.5
1660,3.0
1910,4.0
2323,2.0
2437,3.0
2441,3.0
2481,3.8
2511,4.0
2674,3.0
3180,2.0
3302,4.0
3860,3.0
3880,4.0
4761,3.5
4782,2.5
4961,3.0
5258,4.0
5868,4.0
6279,4.0
6306,4.0
6339,4.0
8364,3.2
8927,3.0
84,4.0
696,2.0
845,5.0
1040,4.0
2753,2.7
126548,3.0
38,2.0
320,2.8
69280,4.0
251,3.0
87,1.7
564,3.0
840,3.5
885,2.0
998,3.7
1331,2.3
1433,3.0
1473,2.0
1812,3.0
1854,4.0
1874,3.0
1902,1.0
2244,3.0
2292,4.0
2464,2.5
2559,2.5
2566,3.0
2751,3.5
2786,2.5
2898,3.5
3029,3.5
3048,3.5
3112,5.0
5101,5.0
5772,4.5
7302,5.0
102217,5.0
118890,5.0
120805,5.0
128846,5.0
129514,5.0
130970,5.0
136445,5.0
136447,5.0
140265,5.0
4073,1.0
5710,2.5
26322,3.5
26732,4.0
66744,4.0
81831,4.0
91628,1.8
93287,3.2
95449,3.3
95949,3.5
96448,2.5
97168,2.5
101531,1.8
103984,2.0
4568,4.0
6506,4.0
48061,4.5
59721,4.0
60857,4.0
71810,2.0
651,1.0
2526,3.0
2656,3.5
4911,3.0
39427,4.5
8208,5.0
808,3.2
2074,4.0
2493,3.5
3719,2.0
4194,3.5
4298,3.8
4801,4.5
4920,4.2
5142,4.0
5986,3.2
6031,3.2
6247,4.0
6416,3.5
6467,4.0
8016,2.2
8785,3.5
25792,3.5
25825,3.8
25898,3.5
26208,4.0
26324,3.5
26325,4.0
26472,3.8
26788,3.5
27741,4.2
31522,2.8
32234,4.2
34552,3.8
46855,3.5
53024,4.2
60382,3.8
112460,2.0
61361,3.0
1475,4.0
2377,2.5
626,2.0
1582,3.5
3064,2.7
875,4.0
3945,4.0
4241,2.5
31413,5.0
61013,5.0
64321,4.5
64499,4.5
64501,4.5
75983,4.0
108709,5.0
121491,4.5
126430,5.0
2239,3.0
746,2.0
1068,3.5
1152,3.0
1153,3.0
1154,1.0
2049,2.5
2056,3.5
2260,2.0
2283,4.0
2631,3.0
2755,3.5
2878,2.0
2937,4.0
3121,3.5
3211,4.0
3292,3.5
3340,2.7
3343,2.5
3377,3.5
3380,2.5
3731,4.0
3833,3.2
4098,3.0
4108,4.0
4123,3.0
4175,3.0
4183,3.0
4185,4.0
4281,3.0
4332,2.0
4392,2.0
4414,3.5
4426,4.0
4428,5.0
4433,2.2
4523,3.5
4555,2.0
4590,3.5
4606,2.0
4659,4.0
4667,2.0
4674,1.0
4684,0.5
4692,3.0
4716,1.0
4831,3.0
4840,2.0
4859,1.0
4927,4.5
4948,1.5
4999,4.0
5004,3.0
5033,2.0
5087,3.0
5088,4.5
5098,3.0
5119,4.0
5199,3.0
5242,1.5
5384,4.0
5450,2.5
5521,0.5
5638,3.0
5641,4.0
5777,4.0
5795,3.5
5936,3.0
5966,2.5
6047,3.5
6051,3.5
6064,3.5
6100,2.5
6105,3.0
6109,0.5
6133,4.5
6230,3.5
6341,3.5
6410,3.0
6528,3.5
6603,3.0
6629,3.5
6671,0.5
6676,3.0
6684,2.5
6728,2.5
6851,3.5
6906,2.5
6964,3.5
6992,3.0
7020,4.0
7023,3.0
7067,3.0
7083,2.5
7111,4.5
7125,3.5
7126,4.5
7130,4.0
7131,3.5
7180,4.0
7182,3.0
7190,4.0
7219,4.0
7222,3.0
7248,3.0
7266,3.2
7354,3.0
7358,2.5
7415,2.5
7571,4.0
7583,3.5
7585,2.0
7613,3.0
7620,4.0
7636,1.0
7815,1.5
7872,2.5
7881,3.5
7883,3.0
7921,3.0
7922,2.5
7935,4.0
7946,1.5
7948,4.0
7958,3.5
7959,3.5
7995,3.0
8003,2.0
8033,3.0
8044,3.8
8056,2.5
8123,5.0
8137,2.0
8261,5.0
8266,2.5
8331,3.5
8388,4.0
8392,2.0
8410,4.0
8420,4.0
8422,3.0
8459,4.0
8462,2.5
8465,2.5
8571,3.0
8572,4.5
8583,2.5
8625,3.0
8650,4.2
8724,3.8
8725,2.5
8727,1.5
8752,4.0
8761,3.5
8763,1.5
8768,3.5
8828,3.0
8851,2.0
8853,2.5
8903,3.5
9012,4.0
25773,4.0
25795,4.0
25828,4.0
25841,2.5
25842,3.5
25856,4.0
25865,4.0
25882,4.5
25886,4.0
25900,3.5
25904,3.5
25906,2.5
25920,3.5
25929,4.0
25930,3.5
25940,2.5
25941,4.0
25945,4.5
25965,2.0
25972,4.0
25996,4.5
25999,4.5
26010,3.0
26013,2.5
26079,4.0
26086,4.0
26093,3.5
26117,3.5
26147,4.5
26157,0.5
26163,4.0
26180,3.5
26199,4.0
26229,3.5
26251,4.0
26271,4.0
26323,4.5
26338,3.0
26346,3.0
26349,3.5
26350,4.5
26371,2.5
26404,2.5
26430,1.0
26435,2.5
26467,1.0
26485,0.5
26487,2.0
26501,5.0
26505,4.5
26581,2.0
26622,3.5
26689,2.0
26694,4.0
26731,4.0
26737,4.0
26775,1.5
26782,3.0
26784,3.0
26797,5.0
26835,3.5
26838,3.5
27802,4.0
27812,4.5
31104,3.0
31109,3.0
31747,0.5
31963,3.5
32022,3.0
32203,4.0
32349,3.0
32943,4.0
33358,4.0
33912,4.0
33917,4.0
34002,2.5
34018,3.0
34359,3.5
34364,3.0
34608,3.0
36152,3.0
37211,2.8
37277,1.0
37855,3.0
38994,2.0
39419,2.5
39779,3.5
39941,4.0
40817,2.5
41714,3.5
42740,2.5
43333,4.0
43351,3.0
43635,4.0
43708,3.5
43910,4.0
44073,2.0
44421,4.0
44759,1.5
44864,2.5
44911,2.0
45179,3.5
45382,3.0
45679,4.0
45942,4.0
45987,4.0
46561,3.0
47092,4.5
47196,1.5
47261,3.0
47330,1.0
47493,3.0
47606,3.0
47894,2.0
47978,4.0
48262,3.8
48268,4.0
49220,3.0
49910,2.5
50245,4.5
51773,3.0
52378,2.5
52913,4.0
53133,2.5
53887,5.0
54220,4.0
54513,4.0
55078,4.0
55156,4.0
55757,2.5
55851,3.5
55895,3.5
57418,3.5
57430,3.5
58365,4.0
58649,5.0
58904,3.5
59180,4.0
59669,3.0
60135,4.0
60343,2.5
61634,3.5
63629,4.0
64229,3.5
64338,2.5
64990,3.0
65418,2.5
66200,2.5
66686,3.5
67429,4.0
68536,4.0
68614,2.5
69559,4.0
69654,4.0
69821,1.5
69908,4.0
70188,2.5
70201,3.5
70418,3.0
70751,2.5
71404,4.0
71804,2.5
72131,4.0
72169,3.2
72367,4.5
73323,3.5
73469,3.0
73854,3.5
74089,5.0
74630,3.0
75990,4.5
76763,3.0
77421,3.0
77808,2.5
78111,2.0
78116,3.5
78653,3.5
78967,4.0
80346,3.5
81641,3.5
81898,0.5
82378,2.8
83332,4.0
84098,3.5
84847,4.0
85016,3.5
86487,5.0
86864,4.0
86982,2.0
87218,3.5
87383,3.0
87598,3.0
88024,2.5
88235,4.0
89203,4.0
89260,4.0
89321,2.0
89408,3.0
89678,3.5
89881,4.0
90057,4.0
90717,3.0
91134,3.0
91286,4.0
91582,2.5
91610,2.0
91890,3.5
92756,2.5
93432,3.0
93700,4.0
94266,2.8
94931,4.5
95583,2.8
96075,5.0
96314,3.5
96565,1.5
96792,3.5
96849,3.0
96901,4.0
97254,3.5
97395,4.0
97639,3.5
97817,4.0
97936,3.0
97994,3.5
98441,4.0
98458,2.0
98473,3.5
98611,3.0
98795,4.0
98803,3.0
99085,2.5
99089,4.0
99220,3.0
99270,2.5
99273,2.5
99276,2.5
99741,3.5
99839,4.0
101088,2.0
101106,3.0
101850,5.0
101904,3.5
102396,3.5
102588,4.0
103107,4.0
103671,2.5
104119,5.0
104321,2.5
104339,4.0
104595,4.0
104597,3.5
104757,4.0
105211,3.5
105731,3.5
106004,3.5
106397,2.5
106452,3.5
107042,4.0
107382,3.0
108076,2.0
109161,4.0
109205,4.0
109740,3.0
110194,4.0
110453,3.0
110752,4.5
110858,1.5
111384,3.8
111795,3.2
112334,3.5
112399,4.5
112450,2.0
112577,5.0
112582,4.0
112653,4.0
112735,4.5
112850,2.5
112921,4.0
113207,4.0
113220,3.0
113938,3.5
114082,4.0
114122,3.5
114464,5.0
114601,2.8
115231,3.8
116012,4.0
116136,2.5
117456,3.5
118898,4.0
118924,2.8
118985,3.2
120821,4.5
127114,4.0
127158,3.5
127164,4.5
127178,3.5
128606,4.5
129364,2.0
130351,4.0
132074,4.0
132496,3.5
132888,3.5
133645,4.0
134025,3.0
134881,4.0
135508,3.5
136018,3.5
138258,3.0
140247,4.0
140816,3.5
141749,4.0
142192,3.5
142258,1.5
143377,3.5
143657,2.0
146682,3.5
147845,3.5
148238,3.0
150856,5.0
151307,4.5
156387,4.0
160656,3.5
160718,4.0
161084,2.5
163949,5.0
336,3.0
718,3.0
118105,4.0
4521,4.0
114,3.0
582,4.0
2152,2.2
6624,2.0
59429,3.2
80748,4.5
2998,4.0
3055,3.5
3116,4.0
3855,3.8
4131,4.0
4201,5.0
49013,1.0
62331,4.5
88932,1.0
92210,5.0
92954,3.0
106873,3.5
107314,4.0
109742,4.5
110873,5.0
108,4.0
131,2.0
137,1.0
183,5.0
189,4.0
244,3.0
325,3.0
447,4.0
526,1.0
561,3.0
565,4.5
571,4.0
614,1.5
621,3.3
775,2.0
831,3.5
980,1.0
1053,2.0
1151,4.0
1168,3.0
1312,5.0
1325,1.0
1329,3.0
1335,4.0
1458,3.0
1465,4.0
1493,4.0
1531,5.0
1543,5.0
1549,2.0
1550,3.0
1640,1.0
1657,3.0
1696,2.0
1715,3.0
1728,4.0
1731,1.0
1771,5.0
1822,3.0
1891,2.0
1980,3.0
1986,3.5
1989,2.0
1990,3.0
2047,4.0
2055,4.0
2189,4.0
2215,4.0
2256,4.0
2295,4.0
2350,3.0
2479,2.0
2515,2.0
2519,2.0
2534,3.0
2586,4.0
2655,3.0
2754,3.0
2766,4.0
2767,1.5
2800,3.0
2850,2.0
2855,4.0
2945,5.0
2982,5.0
2992,4.0
3021,5.0
3041,3.0
3190,1.0
3239,4.0
3281,5.0
3282,4.0
3325,3.0
3331,4.0
3339,3.0
3351,3.0
3402,4.0
3431,2.5
3465,4.0
3491,4.0
3495,4.0
3518,2.0
3587,4.0
3605,1.5
3619,3.0
3659,3.0
3661,3.0
3662,3.0
3663,3.0
3664,3.0
3665,4.0
3692,3.5
3757,5.0
3805,4.0
3820,1.0
3832,3.0
3837,5.0
3838,2.0
3839,1.0
3851,5.0
3923,4.0
3938,4.0
3939,3.0
3940,3.0
3941,4.0
3942,3.0
3960,3.0
3971,4.0
5649,3.0
8977,3.5
34435,4.5
132952,4.0
148,4.0
1555,4.0
1928,3.0
2400,2.0
3025,3.0
3487,3.0
3602,2.0
3870,3.0
3985,3.0
4189,4.5
4319,3.0
4324,3.0
4337,3.0
4401,4.0
4411,3.0
4610,3.0
4804,3.0
4854,2.0
5039,2.0
5057,2.0
5063,2.0
5079,3.0
5167,4.0
5227,1.0
5230,4.0
5231,4.0
5232,4.0
5233,4.0
5234,4.0
5301,5.0
4445,1.8
4453,2.0
4981,4.2
5182,3.5
7355,5.0
89388,1.0
55250,2.8
91104,2.5
4101,4.5
4541,3.0
5041,3.0
5042,1.0
6966,3.5
6991,3.5
7192,2.0
7307,4.0
7738,3.8
7892,2.0
7951,2.5
8138,1.8
25995,3.5
26005,3.5
26012,3.5
26317,2.0
26413,4.0
26702,4.0
26886,3.0
27441,3.0
32395,3.0
42946,3.0
43832,3.0
46772,2.0
47810,1.0
50005,2.2
51709,4.0
59935,3.5
60760,3.5
61026,4.0
61210,2.5
66427,3.5
68486,4.0
72224,2.5
72630,3.5
73488,2.5
73741,2.0
74438,2.0
1311,0.5
2191,0.5
3883,0.5
4753,0.5
5117,0.5
5278,0.5
5413,0.5
5864,0.5
7204,0.5
7312,0.5
32153,0.5
46574,0.5
54768,0.5
61465,0.5
6771,1.0
27724,5.0
27871,3.0
32666,1.0
36931,5.0
51927,3.0
59016,3.0
74450,3.8
3349,4.0
2342,3.0
2708,4.0
3976,4.0
4173,3.5
6035,4.5
6056,4.0
6073,4.0
6828,4.0
7208,5.0
7299,4.0
8121,5.0
8143,3.5
8591,3.5
8779,4.0
8954,3.5
25852,5.0
26663,4.0
27768,3.5
32591,4.0
38384,3.5
47728,5.0
2284,5.0
1671,3.5
4640,2.5
7352,4.0
8070,3.5
8713,3.5
27876,3.0
33124,3.5
2661,3.5
2923,4.0
5223,1.0
5466,1.0
5503,1.0
5516,1.0
5517,1.0
5535,1.0
5575,1.0
3454,4.0
6332,5.0
7453,3.0
8642,3.0
33296,3.0
47122,4.0
54734,4.5
55100,4.0
59985,3.5
61250,5.0
70898,4.5
77414,4.0
79588,3.5
80858,2.0
80860,4.0
82152,3.5
82499,3.2
86817,5.0
88179,4.2
95567,4.5
111913,3.0
764,5.0
1044,3.0
2032,3.0
3460,3.0
3890,3.0
4001,2.0
27664,5.0
73860,3.0
757,4.0
865,4.0
1901,3.0
2832,3.0
617,1.0
1164,1.0
1450,5.0
1539,1.0
1563,5.0
1571,1.0
1819,5.0
2008,1.0
2063,1.0
2869,1.0
3003,1.0
3047,1.0
3303,1.0
3338,1.0
4026,1.0
4076,5.0
4208,1.0
4399,1.0
4538,1.0
4591,5.0
4592,1.0
4605,1.0
4796,5.0
4930,5.0
4984,1.0
5224,1.0
5236,1.0
5352,1.0
5395,1.0
5427,5.0
6531,1.0
98000,4.0
108514,4.5
149606,4.5
162542,5.0
162672,3.0
2849,2.0
4469,4.0
92008,3.0
95761,4.0
104881,4.0
105954,3.2
111931,2.0
54780,2.5
72294,4.0
78174,3.0
84637,1.5
4104,0.8
6039,3.5
7340,4.5
100553,5.0
27544,4.0
2887,2.5
3031,3.0
3276,1.0
3596,1.0
3933,0.5
4051,0.5
4053,2.0
4156,2.0
4198,3.0
4233,2.5
4268,2.0
4397,3.0
4471,0.5
4477,1.0
4602,3.0
4634,3.0
4812,3.0
5356,0.5
5573,2.5
5582,2.0
5636,3.0
5779,2.0
6143,2.0
6302,1.0
6348,2.0
6349,2.0
6427,4.0
6514,0.5
6798,3.0
6812,2.5
6814,3.0
6862,3.5
7016,1.0
7245,1.0
7258,1.5
7319,3.0
7372,3.0
7895,3.5
8136,0.5
8290,0.5
8447,1.0
8743,2.5
26409,1.0
26464,3.0
26750,3.0
31000,2.5
32291,2.5
43558,2.0
49688,4.0
50064,3.0
50792,2.5
52730,2.5
55294,2.5
61289,2.5
66785,4.0
67361,2.0
69118,1.5
70545,2.0
70984,3.5
71823,2.5
72694,2.0
73386,1.5
75803,1.5
75816,2.0
77191,2.5
79259,2.5
79590,2.5
79946,3.5
80590,2.0
81949,3.0
82093,1.5
83177,2.0
84696,4.0
84950,2.5
85399,1.0
86028,2.0
86593,2.5
87444,1.5
87483,2.0
87785,2.0
89305,4.0
89427,1.5
90343,2.5
90522,2.0
90738,1.5
91126,3.5
91128,3.0
91273,1.5
91323,1.5
91325,2.0
91470,1.5
91688,1.5
91873,1.5
91935,2.5
92048,2.5
92198,2.0
92439,2.0
92665,2.5
93242,1.5
93563,1.5
93980,1.5
93982,2.0
94011,1.5
94323,3.0
94494,2.5
94672,2.0
94919,2.5
95067,2.5
95201,3.0
95508,3.5
95744,2.5
96114,2.0
96530,2.5
96726,1.5
97328,3.0
97470,1.5
97858,2.0
97870,4.0
98160,1.5
98175,1.5
98230,3.5
98279,3.0
98585,3.0
98836,2.0
98908,1.5
99005,1.5
99106,2.5
99415,2.0
99574,3.0
99846,3.0
99992,3.0
100226,1.5
100304,3.0
100326,2.5
100390,1.5
101283,2.5
101360,1.5
101415,2.8
101529,2.0
101884,1.5
102165,2.0
102278,2.0
102378,1.5
103221,2.5
103502,1.5
103543,2.0
103596,1.5
103755,2.5
103819,3.0
103865,2.0
104076,1.5
104078,4.0
104129,2.0
104245,2.5
104760,1.0
104906,2.5
105037,2.0
105121,1.0
105254,3.0
105351,1.5
106542,1.5
106839,3.5
106883,1.5
107702,1.5
107945,2.0
108601,2.0
108715,1.5
108949,2.5
109042,2.0
109191,1.5
109295,2.0
109317,2.5
109372,1.5
109576,1.5
109853,2.0
110297,3.0
110611,2.5
110826,1.5
111663,1.5
111680,1.5
112303,1.5
112497,1.0
112749,2.0
113186,3.0
113225,3.0
113416,1.5
113532,3.5
114762,1.5
114818,2.5
114925,2.0
115151,2.0
116207,1.5
116413,3.0
116419,1.5
116849,2.5
116887,2.0
116985,1.5
117107,2.5
117511,3.0
117590,2.0
118248,1.5
118326,2.0
118354,3.0
118702,2.5
118814,2.0
119068,2.0
119655,1.0
120635,1.0
120783,2.5
122490,1.5
122932,2.0
123947,3.0
124859,2.0
125916,0.5
126420,1.5
127096,2.5
127194,2.0
127204,3.0
127319,1.5
128592,1.0
129250,0.5
129657,1.0
129659,3.5
129737,2.0
130083,2.0
130450,1.5
131714,1.5
132333,5.0
132462,1.0
132488,2.0
132618,1.5
133281,2.0
133365,2.0
133377,1.5
133545,1.0
133782,2.0
133798,1.5
134158,1.5
134859,3.5
135536,3.0
136305,1.0
136654,1.5
136666,1.0
136800,1.5
136816,2.5
138546,1.5
139415,3.0
139642,3.5
139915,2.0
140237,2.0
140725,3.0
141422,2.5
142536,2.0
143255,1.5
143257,2.5
143410,2.0
143472,1.5
144714,1.5
145150,3.0
146688,2.0
149590,2.5
149612,2.0
150401,3.0
157407,1.5
160440,1.5
161830,1.0
161918,1.5
69529,4.0
26462,3.0
638,4.0
245,3.0
4741,4.5
5818,4.0
5913,3.0
6022,4.0
6091,3.5
6679,3.5
6690,3.5
6884,4.0
7011,3.5
7990,3.0
8273,4.0
8577,4.0
26947,4.5
27416,4.0
27700,4.5
27875,4.0
33750,4.0
41912,4.5
48032,4.0
48593,4.0
48856,3.5
49265,4.0
57845,4.5
58029,4.0
61646,4.0
65259,4.0
71640,4.5
73101,4.0
77810,4.0
81819,4.0
92004,4.0
93693,4.0
98913,4.0
99675,4.0
102995,2.0
128616,4.0
140152,4.0
155611,4.0
3453,3.0
3575,5.0
4342,5.0
4724,5.0
5229,5.0
5264,5.0
5271,4.0
6033,5.0
6295,4.0
6342,5.0
6369,5.0
6762,4.0
6769,5.0
7260,5.0
7625,4.0
7627,4.5
8256,4.0
8453,4.0
8699,5.0
26791,5.0
26843,5.0
26854,4.0
27826,5.0
53138,4.0
54251,5.0
59549,5.0
60086,4.0
68835,4.5
69495,3.0
70762,5.0
72947,4.0
79163,4.0
80584,4.5
82608,5.0
84414,5.0
89870,4.5
92613,4.0
92966,4.0
98933,5.0
99609,4.5
99615,4.0
100017,3.0
103731,5.0
106417,3.0
108551,3.0
108795,4.0
109183,4.0
109359,4.0
110058,3.0
110781,4.0
116855,4.0
127728,5.0
129009,4.0
130522,5.0
130628,4.0
130960,3.5
135264,4.0
135266,4.0
135268,4.0
137403,3.5
140739,5.0
140741,5.0
140743,5.0
140745,5.0
140747,5.0
140749,5.0
140751,5.0
140753,4.0
140755,5.0
140757,4.0
140759,5.0
140761,5.0
140763,5.0
140880,4.0
141124,5.0
142068,5.0
142240,5.0
146443,3.0
146501,2.5
146604,3.0
147037,5.0
2103,3.0
8504,4.5
26819,4.0
42009,3.0
143859,3.0
158314,4.5
1692,5.0
3845,5.0
3909,5.0
167,4.0
563,3.0
127124,4.0
134246,3.0
134528,3.5
134783,3.0
137595,3.0
138204,3.5
60832,3.0
64997,2.5
72380,3.5
129,3.0
4736,1.0
6425,1.0
